STATEFIPS,STATE,zipcode,agi_stub,N1,mars1,MARS2,MARS4,PREP,N2,NUMDEP,TOTAL_VITA,VITA,TCE,VITA_EIC,RAL,RAC,ELDERLY,A00100,N02650,A02650,N00200,A00200,N00300,A00300,N00600,A00600,N00650,A00650,N00700,A00700,N00900,A00900,N01000,A01000,N01400,A01400,N01700,A01700,SCHF,N02300,A02300,N02500,A02500,N26270,A26270,N02900,A02900,N03220,A03220,N03300,A03300,N03270,A03270,N03150,A03150,N03210,A03210,N03230,A03230,N03240,A03240,N04470,A04470,A00101,N18425,A18425,N18450,A18450,N18500,A18500,N18300,A18300,N19300,A19300,N19700,A19700,N04800,A04800,N05800,A05800,N09600,A09600,N05780,A05780,N07100,A07100,N07300,A07300,N07180,A07180,N07230,A07230,N07240,A07240,N07220,A07220,N07260,A07260,N09400,A09400,N85770,A85770,N85775,A85775,N09750,A09750,N10600,A10600,N59660,A59660,N59720,A59720,N11070,A11070,N10960,A10960,N11560,A11560,N06500,A06500,N10300,A10300,N85530,A85530,N85300,A85300,N11901,A11901,N11902,A11902,N17000,A17000,N18800,A18800,N19500,A19500,N19530,A19530,N19550,A19550,N19570,A19570,N20800,A20800,n21020,a21020,ELF,CPREP,DIR_DEP,N20950,A20950,N11900,A11900,N12000,A12000,N01750,A01750,N04450,A04450,N04100,A04100,N04200,A04200,N18460,A18460,N04475,A04475,N07225,A07225,VRTCRIND,N02910,A02910,N11450,A11450,N10970,A10970,N10971,A10971,N10973,A10973
48,TX,76039,1,5360.0,3840.0,640.0,830.0,2310.0,7120.0,2150.0,130.0,20.0,110.0,0.0,60.0,1120.0,830.0,69257.0,5360.0,70815.0,4380.0,60047.0,530.0,222.0,280.0,429.0,250.0,257.0,0.0,0.0,1160.0,4361.0,260.0,182.0,240.0,1515.0,470.0,3681.0,0.0,110.0,512.0,190.0,357.0,50.0,-7.0,1100.0,1558.0,30.0,7.0,0.0,0.0,80.0,186.0,30.0,100.0,210.0,199.0,70.0,202.0,0.0,0.0,320.0,4755.0,5052.0,0.0,0.0,210.0,204.0,160.0,509.0,280.0,783.0,130.0,707.0,220.0,485.0,2490.0,15552.0,2510.0,1667.0,0.0,0.0,120.0,33.0,780.0,280.0,20.0,0.0,50.0,18.0,300.0,163.0,270.0,48.0,160.0,46.0,0.0,0.0,810.0,1093.0,460.0,2190.0,470.0,2169.0,190.0,103.0,4950.0,11800.0,1890.0,4841.0,1640.0,4150.0,1040.0,1354.0,470.0,391.0,270.0,113.0,2040.0,1387.0,2800.0,2626.0,0.0,0.0,0.0,0.0,510.0,465.0,4600.0,9589.0,150.0,1341.0,60.0,15.0,0.0,0.0,0.0,0.0,30.0,43.0,0.0,0.0,150.0,1328.0,0.0,0.0,,,,,,,,,,,,,,,,,,,,,,,,,,,,,,,,,,
22,LA,70067,5,180.0,20.0,150.0,0.0,140.0,520.0,210.0,0.0,0.0,0.0,0.0,,0.0,50.0,22629.0,180.0,23040.0,180.0,21909.0,80.0,58.0,50.0,237.0,40.0,208.0,90.0,106.0,40.0,435.0,50.0,336.0,20.0,597.0,60.0,2523.0,0.0,0.0,0.0,30.0,628.0,30.0,2691.0,60.0,411.0,0.0,0.0,0.0,0.0,0.0,0.0,0.0,0.0,0.0,0.0,0.0,0.0,0.0,0.0,110.0,2763.0,14402.0,90.0,520.0,0.0,0.0,100.0,163.0,110.0,769.0,110.0,899.0,90.0,395.0,180.0,16932.0,180.0,2875.0,0.0,0.0,0.0,0.0,80.0,114.0,0.0,0.0,20.0,13.0,0.0,0.0,0.0,0.0,50.0,67.0,0.0,0.0,30.0,171.0,0.0,0.0,0.0,0.0,0.0,0.0,180.0,3161.0,0.0,0.0,0.0,0.0,0.0,0.0,0.0,0.0,0.0,0.0,180.0,2765.0,180.0,2891.0,0.0,0.0,0.0,0.0,60.0,546.0,140.0,649.0,20.0,171.0,0.0,0.0,0.0,0.0,0.0,0.0,0.0,0.0,0.0,0.0,70.0,548.0,,,170.0,0.0,130.0,0.0,0.0,140.0,706.0,0.0,0.0,,,,,,,,,,,,,,,,,,,,,,,,,
45,SC,29203,1,9680.0,5400.0,550.0,3560.0,4420.0,16580.0,7100.0,600.0,530.0,60.0,220.0,,3200.0,1510.0,127821.0,9680.0,129541.0,8140.0,103260.0,390.0,115.0,180.0,161.0,160.0,94.0,120.0,92.0,1840.0,10747.0,120.0,79.0,190.0,1126.0,1190.0,12536.0,20.0,250.0,653.0,300.0,627.0,30.0,128.0,1810.0,1720.0,50.0,11.0,0.0,0.0,40.0,66.0,40.0,67.0,210.0,210.0,50.0,144.0,0.0,0.0,330.0,4306.0,5347.0,190.0,190.0,110.0,79.0,200.0,244.0,330.0,634.0,160.0,770.0,260.0,855.0,3730.0,20660.0,3800.0,2235.0,0.0,0.0,230.0,64.0,1290.0,428.0,0.0,0.0,130.0,40.0,300.0,152.0,440.0,73.0,480.0,149.0,20.0,11.0,1460.0,1943.0,550.0,2986.0,590.0,3147.0,230.0,134.0,9320.0,28032.0,5380.0,16421.0,5030.0,14690.0,3510.0,4374.0,820.0,783.0,240.0,95.0,2850.0,1806.0,4360.0,3921.0,0.0,0.0,0.0,0.0,740.0,523.0,8730.0,24586.0,200.0,1159.0,220.0,96.0,0.0,0.0,0.0,0.0,20.0,26.0,0.0,0.0,120.0,703.0,,,8740.0,470.0,7370.0,20.0,100.0,8740.0,24603.0,30.0,31.0,,,,,,,,,,,,,,,,,,,,,,,,,
48,TX,77407,2,5520.0,2320.0,1720.0,1340.0,3070.0,11970.0,4820.0,120.0,80.0,40.0,0.0,,1180.0,700.0,204662.0,5520.0,208245.0,4910.0,183277.0,720.0,627.0,320.0,678.0,270.0,383.0,40.0,39.0,1730.0,9436.0,330.0,923.0,,,,,0.0,170.0,1055.0,340.0,2246.0,280.0,796.0,1750.0,3583.0,190.0,48.0,0.0,0.0,90.0,342.0,110.0,531.0,600.0,671.0,,,,,510.0,12011.0,20207.0,0.0,0.0,380.0,651.0,350.0,2322.0,460.0,3178.0,350.0,2885.0,370.0,2008.0,5460.0,103247.0,5430.0,11627.0,0.0,0.0,560.0,413.0,3270.0,4406.0,80.0,13.0,460.0,326.0,880.0,990.0,900.0,197.0,,,60.0,60.0,970.0,2922.0,970.0,8704.0,1000.0,9248.0,370.0,288.0,5330.0,24381.0,1820.0,4161.0,1450.0,3007.0,1710.0,3569.0,650.0,619.0,300.0,233.0,3410.0,7221.0,4150.0,10547.0,0.0,0.0,0.0,0.0,940.0,2036.0,4530.0,15688.0,190.0,2119.0,150.0,276.0,0.0,0.0,0.0,0.0,,,0.0,0.0,,,,,4980.0,340.0,4090.0,70.0,1652.0,4550.0,15777.0,40.0,77.0,610.0,9259.0,5010.0,86640.0,5010.0,85991.0,350.0,649.0,420.0,2728.0,940.0,1751.0,2250.0,2786.0,,,,,,,,,,,
47,TN,38551,6,0.0,0.0,0.0,0.0,0.0,0.0,0.0,0.0,0.0,0.0,0.0,0.0,0.0,0.0,0.0,0.0,0.0,0.0,0.0,0.0,0.0,0.0,0.0,0.0,0.0,0.0,0.0,0.0,0.0,0.0,0.0,0.0,0.0,0.0,0.0,0.0,0.0,0.0,0.0,0.0,0.0,0.0,0.0,0.0,0.0,0.0,0.0,0.0,0.0,0.0,0.0,0.0,0.0,0.0,0.0,0.0,0.0,0.0,0.0,0.0,0.0,0.0,0.0,0.0,0.0,0.0,0.0,0.0,0.0,0.0,0.0,0.0,0.0,0.0,0.0,0.0,0.0,0.0,0.0,0.0,0.0,0.0,0.0,0.0,0.0,0.0,0.0,0.0,0.0,0.0,0.0,0.0,0.0,0.0,0.0,0.0,0.0,0.0,0.0,0.0,0.0,0.0,0.0,0.0,0.0,0.0,0.0,0.0,0.0,0.0,0.0,0.0,0.0,0.0,0.0,0.0,0.0,0.0,0.0,0.0,0.0,0.0,0.0,0.0,0.0,0.0,0.0,,,,,,,,,,,,,,,,,,,,,,,,,,,,,,,,,,,,,,,,,,,,,,,,,,
55,WI,54874,1,440.0,340.0,70.0,30.0,150.0,500.0,,20.0,20.0,0.0,0.0,,50.0,130.0,5470.0,440.0,5548.0,310.0,3938.0,110.0,32.0,50.0,74.0,40.0,61.0,0.0,0.0,50.0,299.0,30.0,29.0,30.0,195.0,100.0,997.0,0.0,60.0,608.0,40.0,63.0,0.0,0.0,120.0,78.0,0.0,0.0,0.0,0.0,0.0,0.0,0.0,0.0,0.0,0.0,,,,,0.0,0.0,0.0,0.0,0.0,0.0,0.0,0.0,0.0,0.0,0.0,0.0,0.0,0.0,0.0,180.0,1079.0,180.0,110.0,0.0,0.0,0.0,0.0,40.0,18.0,0.0,0.0,0.0,0.0,0.0,0.0,0.0,0.0,,,0.0,0.0,40.0,49.0,0.0,0.0,0.0,0.0,,,380.0,711.0,90.0,171.0,80.0,153.0,30.0,45.0,20.0,15.0,0.0,0.0,150.0,92.0,180.0,146.0,0.0,0.0,0.0,0.0,40.0,37.0,360.0,592.0,0.0,0.0,0.0,0.0,0.0,0.0,0.0,0.0,0.0,0.0,0.0,0.0,,,,,380.0,30.0,290.0,0.0,0.0,360.0,601.0,20.0,41.0,,,430.0,6119.0,430.0,5919.0,100.0,200.0,0.0,0.0,0.0,0.0,0.0,0.0,0.0,80.0,18.0,0.0,0.0,80.0,120.0,280.0,451.0,250.0,218.0
4,AZ,85742,4,1830.0,530.0,1120.0,150.0,800.0,4100.0,,0.0,0.0,0.0,0.0,,180.0,620.0,159099.0,1830.0,160574.0,1530.0,116267.0,650.0,989.0,450.0,1833.0,410.0,1297.0,110.0,120.0,250.0,2048.0,400.0,1955.0,250.0,4522.0,580.0,19791.0,0.0,200.0,2239.0,470.0,10139.0,100.0,1313.0,1020.0,1475.0,70.0,20.0,0.0,0.0,40.0,224.0,50.0,241.0,250.0,164.0,,,,,230.0,5847.0,19634.0,180.0,555.0,40.0,98.0,200.0,787.0,230.0,1403.0,190.0,1763.0,170.0,878.0,1830.0,117919.0,1820.0,15165.0,0.0,0.0,0.0,0.0,850.0,2276.0,130.0,21.0,100.0,46.0,140.0,139.0,0.0,0.0,,,80.0,219.0,170.0,403.0,0.0,0.0,0.0,0.0,,,1810.0,16242.0,0.0,0.0,0.0,0.0,40.0,97.0,90.0,72.0,0.0,0.0,1760.0,12889.0,1770.0,13375.0,0.0,0.0,0.0,0.0,550.0,1190.0,1230.0,3842.0,90.0,1525.0,150.0,87.0,0.0,0.0,0.0,0.0,90.0,204.0,0.0,0.0,,,,,1720.0,40.0,1190.0,0.0,0.0,1270.0,4048.0,50.0,206.0,,,1600.0,34585.0,1600.0,33800.0,390.0,785.0,230.0,1387.0,320.0,756.0,650.0,1808.0,30.0,700.0,182.0,0.0,0.0,290.0,295.0,1710.0,3683.0,1570.0,2007.0
16,ID,83822,5,80.0,0.0,60.0,0.0,50.0,200.0,,0.0,0.0,0.0,0.0,,0.0,30.0,14885.0,80.0,14957.0,70.0,6951.0,40.0,54.0,0.0,0.0,0.0,0.0,0.0,0.0,0.0,0.0,0.0,0.0,0.0,0.0,30.0,1573.0,0.0,0.0,0.0,0.0,0.0,0.0,0.0,40.0,72.0,0.0,0.0,0.0,0.0,0.0,0.0,0.0,0.0,0.0,0.0,,,,,0.0,0.0,0.0,0.0,0.0,0.0,0.0,0.0,0.0,0.0,0.0,0.0,0.0,0.0,0.0,80.0,12607.0,80.0,2340.0,0.0,0.0,0.0,0.0,30.0,100.0,0.0,0.0,0.0,0.0,0.0,0.0,0.0,0.0,,,0.0,0.0,0.0,0.0,0.0,0.0,0.0,0.0,,,70.0,2032.0,0.0,0.0,0.0,0.0,0.0,0.0,0.0,0.0,0.0,0.0,80.0,2240.0,80.0,2295.0,0.0,0.0,0.0,0.0,50.0,457.0,30.0,178.0,0.0,0.0,0.0,0.0,0.0,0.0,0.0,0.0,0.0,0.0,0.0,0.0,,,,,70.0,0.0,30.0,0.0,0.0,30.0,159.0,0.0,0.0,,,70.0,1550.0,70.0,1513.0,0.0,0.0,0.0,0.0,0.0,0.0,20.0,91.0,0.0,30.0,8.0,0.0,0.0,0.0,0.0,70.0,164.0,60.0,88.0
27,MN,55008,2,2090.0,1280.0,400.0,360.0,990.0,3380.0,,30.0,0.0,30.0,0.0,,330.0,510.0,76951.0,2090.0,77732.0,1750.0,57589.0,510.0,376.0,220.0,504.0,200.0,286.0,40.0,21.0,170.0,1921.0,210.0,455.0,190.0,1918.0,410.0,7189.0,40.0,530.0,6181.0,390.0,2970.0,60.0,317.0,740.0,781.0,20.0,5.0,0.0,0.0,40.0,169.0,50.0,183.0,170.0,113.0,,,,,90.0,2159.0,3302.0,90.0,186.0,40.0,64.0,70.0,200.0,90.0,369.0,60.0,395.0,60.0,296.0,2060.0,42335.0,2040.0,4577.0,0.0,0.0,0.0,0.0,790.0,957.0,50.0,2.0,100.0,54.0,90.0,95.0,310.0,56.0,,,0.0,0.0,140.0,371.0,50.0,220.0,50.0,181.0,,,2050.0,7848.0,410.0,862.0,360.0,763.0,360.0,664.0,50.0,46.0,30.0,48.0,1660.0,3620.0,1730.0,4006.0,0.0,0.0,0.0,0.0,330.0,357.0,1740.0,4164.0,40.0,1023.0,60.0,14.0,0.0,0.0,0.0,0.0,30.0,53.0,0.0,0.0,,,,,1990.0,40.0,1600.0,0.0,0.0,1750.0,4197.0,40.0,40.0,,,2010.0,32700.0,2010.0,31987.0,350.0,714.0,80.0,362.0,180.0,236.0,520.0,750.0,30.0,500.0,126.0,0.0,0.0,270.0,347.0,1920.0,3177.0,1830.0,1752.0
55,WI,54550,2,100.0,40.0,40.0,30.0,60.0,190.0,50.0,0.0,0.0,0.0,0.0,0.0,0.0,30.0,3641.0,100.0,3686.0,80.0,2628.0,20.0,6.0,0.0,0.0,0.0,0.0,0.0,0.0,30.0,191.0,0.0,0.0,40.0,298.0,40.0,553.0,0.0,50.0,218.0,40.0,189.0,0.0,0.0,30.0,45.0,0.0,0.0,0.0,0.0,0.0,0.0,0.0,0.0,0.0,0.0,0.0,0.0,0.0,0.0,20.0,295.0,1078.0,0.0,0.0,0.0,0.0,0.0,0.0,20.0,97.0,0.0,0.0,0.0,0.0,100.0,1881.0,100.0,233.0,0.0,0.0,30.0,25.0,60.0,38.0,0.0,0.0,0.0,0.0,0.0,0.0,30.0,5.0,40.0,50.0,0.0,0.0,40.0,70.0,30.0,108.0,30.0,175.0,0.0,0.0,100.0,412.0,20.0,44.0,0.0,0.0,0.0,0.0,0.0,0.0,0.0,0.0,90.0,201.0,90.0,234.0,0.0,0.0,0.0,0.0,40.0,41.0,80.0,187.0,,,,,,,,,,,,,,,,,,,,,,,,,,,,,,,,,,,,,,,,,,,,,,,,,,
24,MD,20872,4,640.0,200.0,340.0,80.0,290.0,1480.0,500.0,0.0,0.0,0.0,0.0,,60.0,180.0,55891.0,640.0,56479.0,560.0,43406.0,340.0,271.0,170.0,627.0,150.0,495.0,310.0,412.0,120.0,790.0,130.0,454.0,,,,,0.0,0.0,0.0,110.0,2141.0,30.0,919.0,190.0,588.0,40.0,10.0,40.0,299.0,0.0,0.0,0.0,0.0,60.0,74.0,,,,,270.0,6822.0,23682.0,260.0,1502.0,0.0,0.0,250.0,957.0,270.0,2299.0,240.0,2722.0,210.0,784.0,640.0,40997.0,640.0,5441.0,0.0,0.0,0.0,0.0,320.0,872.0,50.0,4.0,40.0,21.0,50.0,57.0,0.0,0.0,,,0.0,0.0,80.0,211.0,0.0,0.0,0.0,0.0,0.0,0.0,640.0,5800.0,0.0,0.0,0.0,0.0,0.0,0.0,30.0,26.0,0.0,0.0,620.0,4569.0,630.0,4824.0,0.0,0.0,0.0,0.0,180.0,443.0,450.0,1384.0,60.0,761.0,20.0,26.0,30.0,232.0,0.0,0.0,,,0.0,0.0,,,,,560.0,50.0,390.0,0.0,0.0,460.0,1405.0,0.0,0.0,170.0,7064.0,370.0,7743.0,370.0,7599.0,70.0,144.0,260.0,2220.0,100.0,231.0,270.0,766.0,,,,,,,,,,,
23,ME,4091,4,40.0,0.0,40.0,0.0,20.0,100.0,20.0,0.0,0.0,0.0,0.0,,0.0,0.0,3420.0,40.0,3420.0,40.0,2518.0,0.0,0.0,20.0,195.0,0.0,0.0,0.0,0.0,20.0,609.0,0.0,0.0,,,,,0.0,0.0,0.0,30.0,465.0,0.0,0.0,0.0,0.0,0.0,0.0,0.0,0.0,0.0,0.0,0.0,0.0,0.0,0.0,,,,,0.0,0.0,0.0,0.0,0.0,0.0,0.0,0.0,0.0,0.0,0.0,0.0,0.0,0.0,0.0,40.0,2466.0,40.0,307.0,0.0,0.0,0.0,0.0,0.0,0.0,0.0,0.0,0.0,0.0,0.0,0.0,0.0,0.0,,,0.0,0.0,0.0,0.0,0.0,0.0,0.0,0.0,0.0,0.0,40.0,327.0,0.0,0.0,0.0,0.0,0.0,0.0,0.0,0.0,0.0,0.0,40.0,262.0,40.0,286.0,0.0,0.0,0.0,0.0,20.0,83.0,30.0,80.0,0.0,0.0,0.0,0.0,0.0,0.0,0.0,0.0,,,0.0,0.0,,,,,40.0,0.0,20.0,0.0,0.0,30.0,80.0,0.0,0.0,30.0,1193.0,40.0,897.0,40.0,882.0,0.0,0.0,0.0,0.0,30.0,248.0,0.0,0.0,,,,,,,,,,,
36,NY,13329,1,610.0,370.0,110.0,120.0,290.0,980.0,320.0,30.0,30.0,0.0,0.0,40.0,100.0,160.0,8199.0,610.0,8300.0,460.0,5938.0,90.0,32.0,70.0,117.0,60.0,85.0,0.0,0.0,80.0,565.0,40.0,35.0,40.0,153.0,130.0,1181.0,0.0,30.0,44.0,40.0,44.0,20.0,131.0,90.0,101.0,0.0,0.0,0.0,0.0,20.0,96.0,0.0,0.0,0.0,0.0,0.0,0.0,0.0,0.0,0.0,0.0,0.0,0.0,0.0,20.0,13.0,0.0,0.0,0.0,0.0,0.0,0.0,0.0,0.0,250.0,1595.0,250.0,168.0,0.0,0.0,0.0,0.0,80.0,20.0,0.0,0.0,0.0,0.0,0.0,0.0,30.0,5.0,30.0,7.0,0.0,0.0,60.0,102.0,0.0,0.0,20.0,66.0,0.0,0.0,560.0,1462.0,250.0,642.0,220.0,582.0,140.0,171.0,30.0,19.0,0.0,0.0,210.0,149.0,260.0,263.0,0.0,0.0,0.0,0.0,40.0,45.0,540.0,1244.0,0.0,0.0,0.0,0.0,0.0,0.0,0.0,0.0,0.0,0.0,0.0,0.0,20.0,190.0,0.0,0.0,,,,,,,,,,,,,,,,,,,,,,,,,,,,,,,,,,
23,ME,3903,5,780.0,100.0,640.0,30.0,380.0,1970.0,,0.0,0.0,0.0,0.0,,60.0,270.0,106213.0,780.0,107371.0,680.0,78850.0,540.0,539.0,290.0,1572.0,270.0,1149.0,40.0,33.0,160.0,3454.0,260.0,3369.0,120.0,3041.0,220.0,9031.0,0.0,120.0,1541.0,180.0,4416.0,60.0,1015.0,460.0,1158.0,50.0,13.0,0.0,0.0,40.0,339.0,30.0,224.0,100.0,74.0,,,,,130.0,3644.0,17830.0,130.0,992.0,0.0,0.0,120.0,691.0,130.0,1232.0,120.0,1403.0,100.0,480.0,780.0,86197.0,770.0,12723.0,0.0,0.0,0.0,0.0,420.0,1054.0,120.0,12.0,70.0,36.0,40.0,61.0,0.0,0.0,,,40.0,28.0,120.0,583.0,0.0,0.0,0.0,0.0,,,770.0,13380.0,0.0,0.0,0.0,0.0,0.0,0.0,40.0,40.0,0.0,0.0,770.0,11669.0,770.0,12305.0,0.0,0.0,0.0,0.0,260.0,1037.0,490.0,1875.0,30.0,499.0,80.0,53.0,0.0,0.0,0.0,0.0,0.0,0.0,0.0,0.0,,,,,730.0,20.0,440.0,0.0,0.0,520.0,2108.0,50.0,233.0,,,650.0,15540.0,650.0,15212.0,160.0,329.0,130.0,1250.0,210.0,832.0,310.0,893.0,0.0,320.0,83.0,0.0,0.0,150.0,208.0,670.0,1560.0,580.0,803.0
17,IL,61731,6,0.0,0.0,0.0,0.0,0.0,0.0,0.0,0.0,0.0,0.0,0.0,0.0,0.0,0.0,0.0,0.0,0.0,0.0,0.0,0.0,0.0,0.0,0.0,0.0,0.0,0.0,0.0,0.0,0.0,0.0,0.0,0.0,0.0,0.0,0.0,0.0,0.0,0.0,0.0,0.0,0.0,0.0,0.0,0.0,0.0,0.0,0.0,0.0,0.0,0.0,0.0,0.0,0.0,0.0,0.0,0.0,0.0,0.0,0.0,0.0,0.0,0.0,0.0,0.0,0.0,0.0,0.0,0.0,0.0,0.0,0.0,0.0,0.0,0.0,0.0,0.0,0.0,0.0,0.0,0.0,0.0,0.0,0.0,0.0,0.0,0.0,0.0,0.0,0.0,0.0,0.0,0.0,0.0,0.0,0.0,0.0,0.0,0.0,0.0,0.0,0.0,0.0,0.0,0.0,0.0,0.0,0.0,0.0,0.0,0.0,0.0,0.0,0.0,0.0,0.0,0.0,0.0,0.0,0.0,0.0,0.0,0.0,0.0,0.0,0.0,0.0,0.0,,,,,,,,,,,,,,,,,,,,,,,,,,,,,,,,,,,,,,,,,,,,,,,,,,
50,VT,5038,6,0.0,0.0,0.0,0.0,0.0,0.0,0.0,0.0,0.0,0.0,0.0,,0.0,0.0,0.0,0.0,0.0,0.0,0.0,0.0,0.0,0.0,0.0,0.0,0.0,0.0,0.0,0.0,0.0,0.0,0.0,,,,,0.0,0.0,0.0,0.0,0.0,0.0,0.0,0.0,0.0,0.0,0.0,0.0,0.0,0.0,0.0,0.0,0.0,0.0,0.0,,,,,0.0,0.0,0.0,0.0,0.0,0.0,0.0,0.0,0.0,0.0,0.0,0.0,0.0,0.0,0.0,0.0,0.0,0.0,0.0,0.0,0.0,0.0,0.0,0.0,0.0,0.0,0.0,0.0,0.0,0.0,0.0,0.0,0.0,,,0.0,0.0,0.0,0.0,0.0,0.0,0.0,0.0,0.0,0.0,0.0,0.0,0.0,0.0,0.0,0.0,0.0,0.0,0.0,0.0,0.0,0.0,0.0,0.0,0.0,0.0,0.0,0.0,0.0,0.0,0.0,0.0,0.0,0.0,0.0,0.0,0.0,0.0,0.0,0.0,0.0,0.0,,,0.0,0.0,,,,,0.0,0.0,0.0,0.0,0.0,0.0,0.0,0.0,0.0,0.0,0.0,0.0,0.0,0.0,0.0,0.0,0.0,0.0,0.0,0.0,0.0,0.0,0.0,,,,,,,,,,,
16,ID,83443,3,80.0,0.0,60.0,0.0,50.0,280.0,140.0,0.0,0.0,0.0,0.0,,0.0,30.0,4847.0,80.0,4917.0,70.0,3929.0,30.0,8.0,0.0,0.0,0.0,0.0,0.0,0.0,0.0,0.0,0.0,0.0,0.0,0.0,30.0,732.0,0.0,0.0,0.0,30.0,605.0,0.0,0.0,30.0,70.0,0.0,0.0,0.0,0.0,0.0,0.0,0.0,0.0,0.0,0.0,0.0,0.0,0.0,0.0,20.0,382.0,1451.0,30.0,71.0,0.0,0.0,20.0,43.0,20.0,93.0,50.0,273.0,20.0,107.0,80.0,2637.0,80.0,320.0,0.0,0.0,0.0,0.0,50.0,89.0,0.0,0.0,0.0,0.0,0.0,0.0,0.0,0.0,40.0,80.0,0.0,0.0,20.0,13.0,0.0,0.0,0.0,0.0,0.0,0.0,80.0,404.0,0.0,0.0,0.0,0.0,20.0,35.0,0.0,0.0,0.0,0.0,60.0,231.0,70.0,250.0,0.0,0.0,0.0,0.0,30.0,50.0,60.0,171.0,0.0,0.0,0.0,0.0,0.0,0.0,0.0,0.0,0.0,0.0,0.0,0.0,0.0,0.0,,,70.0,0.0,50.0,0.0,0.0,60.0,181.0,0.0,0.0,,,,,,,,,,,,,,,,,,,,,,,,,
26,MI,48134,2,2220.0,1190.0,610.0,360.0,1250.0,3960.0,1150.0,0.0,0.0,0.0,0.0,70.0,360.0,590.0,80420.0,2220.0,81220.0,1820.0,60011.0,450.0,292.0,270.0,556.0,250.0,376.0,210.0,102.0,240.0,2051.0,210.0,10.0,240.0,2664.0,580.0,10678.0,0.0,150.0,463.0,530.0,3937.0,50.0,251.0,410.0,800.0,30.0,6.0,0.0,0.0,40.0,153.0,40.0,125.0,200.0,216.0,0.0,0.0,0.0,0.0,450.0,6991.0,17429.0,340.0,543.0,90.0,96.0,370.0,1425.0,450.0,2213.0,290.0,1386.0,360.0,977.0,2150.0,42423.0,2140.0,5266.0,0.0,0.0,70.0,43.0,790.0,679.0,60.0,3.0,70.0,35.0,190.0,203.0,270.0,49.0,420.0,381.0,50.0,11.0,170.0,373.0,100.0,250.0,110.0,311.0,110.0,64.0,2180.0,9338.0,470.0,960.0,390.0,796.0,320.0,461.0,150.0,126.0,30.0,23.0,1830.0,4587.0,1920.0,5036.0,0.0,0.0,0.0,0.0,290.0,474.0,1910.0,4712.0,180.0,1209.0,350.0,111.0,0.0,0.0,30.0,17.0,90.0,102.0,0.0,0.0,160.0,955.0,40.0,202.0,,,,,,,,,,,,,,,,,,,,,,,,,,,,,,,,,,
40,OK,74604,6,320.0,30.0,290.0,0.0,250.0,870.0,250.0,0.0,0.0,0.0,0.0,0.0,0.0,140.0,160551.0,320.0,164568.0,250.0,51539.0,260.0,1419.0,220.0,5894.0,210.0,5225.0,140.0,627.0,90.0,4710.0,200.0,11851.0,110.0,7187.0,110.0,5334.0,40.0,0.0,0.0,100.0,2565.0,140.0,51812.0,140.0,4017.0,0.0,0.0,40.0,883.0,40.0,488.0,0.0,0.0,0.0,0.0,0.0,0.0,20.0,710.0,300.0,21313.0,146793.0,290.0,5722.0,0.0,0.0,280.0,826.0,300.0,6645.0,170.0,1320.0,280.0,5215.0,320.0,136519.0,320.0,37710.0,130.0,498.0,0.0,0.0,120.0,273.0,90.0,188.0,0.0,0.0,0.0,0.0,0.0,0.0,0.0,0.0,0.0,0.0,90.0,1018.0,0.0,0.0,0.0,0.0,0.0,0.0,320.0,36494.0,0.0,0.0,0.0,0.0,0.0,0.0,0.0,0.0,0.0,0.0,320.0,37229.0,320.0,39099.0,100.0,168.0,160.0,578.0,170.0,5452.0,110.0,1389.0,,,,,,,,,,,,,,,,,,,,,,,,,,,,,,,,,,,,,,,,,,,,,,,,,,
1,AL,36319,1,370.0,250.0,60.0,60.0,180.0,540.0,,0.0,0.0,0.0,0.0,,80.0,110.0,4428.0,370.0,4522.0,270.0,3271.0,60.0,18.0,20.0,16.0,0.0,0.0,0.0,0.0,70.0,416.0,30.0,45.0,30.0,287.0,60.0,488.0,0.0,40.0,375.0,20.0,39.0,20.0,187.0,120.0,94.0,0.0,0.0,0.0,0.0,0.0,0.0,0.0,0.0,0.0,0.0,,,,,0.0,0.0,0.0,0.0,0.0,0.0,0.0,0.0,0.0,0.0,0.0,0.0,0.0,0.0,0.0,130.0,652.0,130.0,66.0,0.0,0.0,0.0,0.0,40.0,13.0,0.0,0.0,0.0,0.0,0.0,0.0,0.0,0.0,,,0.0,0.0,60.0,80.0,30.0,258.0,30.0,253.0,,,340.0,869.0,130.0,332.0,110.0,296.0,80.0,112.0,0.0,0.0,0.0,0.0,100.0,53.0,160.0,136.0,0.0,0.0,0.0,0.0,30.0,24.0,320.0,759.0,0.0,0.0,0.0,0.0,0.0,0.0,0.0,0.0,0.0,0.0,0.0,0.0,,,,,340.0,0.0,270.0,0.0,0.0,320.0,762.0,0.0,0.0,,,370.0,5582.0,370.0,5436.0,70.0,147.0,0.0,0.0,0.0,0.0,0.0,0.0,0.0,60.0,18.0,0.0,0.0,90.0,133.0,260.0,439.0,240.0,231.0
18,IN,47513,3,170.0,60.0,120.0,0.0,130.0,420.0,130.0,0.0,0.0,0.0,0.0,0.0,20.0,50.0,10546.0,170.0,10637.0,160.0,8621.0,40.0,25.0,20.0,16.0,20.0,12.0,0.0,0.0,20.0,214.0,20.0,3.0,40.0,434.0,40.0,746.0,30.0,0.0,0.0,30.0,456.0,0.0,0.0,40.0,91.0,0.0,0.0,0.0,0.0,0.0,0.0,0.0,0.0,30.0,30.0,0.0,0.0,0.0,0.0,30.0,417.0,1598.0,20.0,63.0,0.0,0.0,20.0,27.0,30.0,105.0,20.0,99.0,0.0,0.0,170.0,6790.0,170.0,917.0,0.0,0.0,0.0,0.0,80.0,111.0,0.0,0.0,20.0,11.0,0.0,0.0,30.0,5.0,50.0,80.0,0.0,0.0,40.0,136.0,0.0,0.0,0.0,0.0,0.0,0.0,170.0,1235.0,0.0,0.0,0.0,0.0,0.0,0.0,30.0,28.0,0.0,0.0,160.0,806.0,160.0,878.0,0.0,0.0,0.0,0.0,20.0,55.0,140.0,400.0,0.0,0.0,50.0,11.0,0.0,0.0,0.0,0.0,0.0,0.0,0.0,0.0,30.0,298.0,0.0,0.0,,,,,,,,,,,,,,,,,,,,,,,,,,,,,,,,,,
42,PA,15057,1,1960.0,1610.0,220.0,110.0,860.0,1740.0,290.0,30.0,30.0,0.0,0.0,,140.0,530.0,20620.0,1960.0,20934.0,1440.0,13782.0,410.0,270.0,320.0,465.0,300.0,282.0,0.0,0.0,170.0,950.0,240.0,378.0,,,,,20.0,50.0,184.0,150.0,288.0,30.0,45.0,230.0,314.0,0.0,0.0,0.0,0.0,30.0,123.0,0.0,0.0,80.0,77.0,,,,,30.0,562.0,418.0,0.0,0.0,0.0,0.0,20.0,109.0,30.0,167.0,0.0,0.0,0.0,0.0,660.0,3495.0,610.0,351.0,0.0,0.0,30.0,13.0,160.0,49.0,0.0,0.0,0.0,0.0,40.0,22.0,60.0,10.0,,,0.0,0.0,140.0,150.0,80.0,524.0,80.0,506.0,20.0,14.0,1690.0,2244.0,310.0,595.0,270.0,542.0,130.0,185.0,50.0,43.0,40.0,40.0,520.0,302.0,640.0,476.0,0.0,0.0,0.0,0.0,140.0,95.0,1600.0,1848.0,30.0,464.0,0.0,0.0,0.0,0.0,0.0,0.0,,,0.0,0.0,,,,,1680.0,170.0,1070.0,0.0,0.0,1610.0,1866.0,0.0,0.0,430.0,4282.0,1930.0,22269.0,1930.0,21434.0,440.0,835.0,30.0,136.0,50.0,27.0,50.0,15.0,,,,,,,,,,,
26,MI,49233,1,460.0,330.0,90.0,40.0,240.0,530.0,80.0,0.0,0.0,0.0,0.0,0.0,60.0,160.0,5055.0,460.0,5127.0,310.0,3218.0,80.0,23.0,40.0,45.0,40.0,21.0,0.0,0.0,60.0,305.0,40.0,-46.0,50.0,331.0,120.0,1168.0,0.0,0.0,0.0,40.0,63.0,0.0,0.0,60.0,72.0,0.0,0.0,0.0,0.0,0.0,0.0,0.0,0.0,0.0,0.0,0.0,0.0,0.0,0.0,20.0,468.0,326.0,0.0,0.0,0.0,0.0,20.0,53.0,20.0,64.0,0.0,0.0,0.0,0.0,180.0,958.0,180.0,104.0,0.0,0.0,0.0,0.0,40.0,15.0,0.0,0.0,0.0,0.0,30.0,22.0,0.0,0.0,0.0,0.0,0.0,0.0,40.0,55.0,30.0,149.0,30.0,146.0,0.0,0.0,400.0,639.0,120.0,195.0,100.0,170.0,40.0,41.0,30.0,27.0,30.0,13.0,150.0,89.0,190.0,147.0,0.0,0.0,0.0,0.0,30.0,27.0,380.0,523.0,,,,,,,,,,,,,,,,,,,,,,,,,,,,,,,,,,,,,,,,,,,,,,,,,,
12,FL,32169,5,1050.0,260.0,750.0,50.0,700.0,2100.0,290.0,0.0,0.0,0.0,0.0,,30.0,660.0,145768.0,1050.0,148530.0,650.0,61114.0,670.0,2268.0,600.0,7193.0,570.0,5369.0,60.0,106.0,210.0,5219.0,590.0,11040.0,420.0,14458.0,530.0,25827.0,0.0,0.0,0.0,540.0,13402.0,240.0,6678.0,320.0,2762.0,30.0,8.0,0.0,0.0,110.0,806.0,60.0,408.0,20.0,35.0,0.0,0.0,0.0,0.0,740.0,19739.0,103929.0,80.0,385.0,600.0,1180.0,680.0,4846.0,720.0,6500.0,510.0,5027.0,620.0,2906.0,1050.0,113587.0,1050.0,19583.0,30.0,61.0,20.0,152.0,390.0,435.0,260.0,76.0,30.0,16.0,40.0,47.0,0.0,0.0,50.0,46.0,40.0,50.0,160.0,786.0,0.0,0.0,30.0,152.0,20.0,69.0,1030.0,20365.0,0.0,0.0,0.0,0.0,0.0,0.0,40.0,30.0,0.0,0.0,1040.0,19148.0,1050.0,20098.0,0.0,0.0,0.0,0.0,480.0,2824.0,450.0,2317.0,190.0,1830.0,100.0,51.0,40.0,202.0,60.0,19.0,0.0,0.0,50.0,173.0,200.0,1876.0,,,940.0,60.0,370.0,100.0,1280.0,560.0,3054.0,130.0,737.0,,,,,,,,,,,,,,,,,,,,,,,,,
54,WV,25271,6,90.0,0.0,80.0,0.0,70.0,250.0,80.0,0.0,0.0,0.0,0.0,,0.0,30.0,30582.0,90.0,31367.0,80.0,14731.0,70.0,518.0,50.0,829.0,50.0,661.0,30.0,87.0,40.0,2318.0,50.0,1543.0,,,,,0.0,0.0,0.0,0.0,0.0,40.0,5775.0,40.0,785.0,0.0,0.0,0.0,0.0,0.0,0.0,0.0,0.0,0.0,0.0,,,,,40.0,1443.0,15984.0,40.0,1082.0,0.0,0.0,30.0,133.0,40.0,510.0,30.0,353.0,40.0,517.0,90.0,26688.0,90.0,5822.0,0.0,0.0,0.0,0.0,60.0,179.0,0.0,0.0,0.0,0.0,0.0,0.0,0.0,0.0,,,0.0,0.0,40.0,390.0,0.0,0.0,0.0,0.0,0.0,0.0,90.0,6595.0,0.0,0.0,0.0,0.0,0.0,0.0,0.0,0.0,0.0,0.0,90.0,5643.0,90.0,6276.0,40.0,40.0,50.0,130.0,40.0,657.0,30.0,244.0,0.0,0.0,30.0,27.0,0.0,0.0,0.0,0.0,,,0.0,0.0,,,,,90.0,0.0,30.0,0.0,0.0,50.0,967.0,0.0,0.0,40.0,2398.0,50.0,1202.0,50.0,1176.0,0.0,0.0,40.0,374.0,40.0,1247.0,40.0,112.0,,,,,,,,,,,
12,FL,32577,6,80.0,0.0,70.0,0.0,70.0,220.0,70.0,0.0,0.0,0.0,0.0,,0.0,20.0,30436.0,80.0,30735.0,70.0,12324.0,60.0,254.0,30.0,152.0,30.0,110.0,0.0,0.0,0.0,0.0,40.0,414.0,,,,,0.0,0.0,0.0,0.0,0.0,40.0,12457.0,30.0,299.0,0.0,0.0,0.0,0.0,0.0,0.0,0.0,0.0,0.0,0.0,,,,,30.0,1824.0,14524.0,0.0,0.0,20.0,61.0,30.0,82.0,30.0,186.0,0.0,0.0,30.0,771.0,80.0,24980.0,80.0,5899.0,0.0,0.0,0.0,0.0,40.0,132.0,0.0,0.0,0.0,0.0,0.0,0.0,0.0,0.0,,,0.0,0.0,0.0,0.0,0.0,0.0,0.0,0.0,0.0,0.0,80.0,4674.0,0.0,0.0,0.0,0.0,0.0,0.0,0.0,0.0,0.0,0.0,80.0,5690.0,80.0,5817.0,0.0,0.0,40.0,32.0,50.0,1564.0,30.0,180.0,0.0,0.0,0.0,0.0,0.0,0.0,0.0,0.0,,,0.0,0.0,,,,,70.0,0.0,20.0,0.0,0.0,30.0,384.0,0.0,0.0,30.0,2191.0,50.0,1100.0,50.0,1081.0,0.0,0.0,30.0,178.0,40.0,2516.0,30.0,65.0,,,,,,,,,,,
4,AZ,86023,2,440.0,280.0,70.0,100.0,170.0,750.0,240.0,0.0,0.0,0.0,0.0,0.0,80.0,70.0,15502.0,440.0,15726.0,440.0,15259.0,40.0,5.0,40.0,41.0,40.0,24.0,30.0,18.0,0.0,0.0,50.0,-10.0,20.0,113.0,50.0,395.0,0.0,50.0,157.0,60.0,388.0,0.0,0.0,110.0,224.0,0.0,0.0,0.0,0.0,0.0,0.0,40.0,140.0,80.0,73.0,0.0,0.0,0.0,0.0,40.0,640.0,1578.0,0.0,0.0,0.0,0.0,0.0,0.0,40.0,86.0,0.0,0.0,0.0,0.0,430.0,8876.0,430.0,1111.0,0.0,0.0,0.0,0.0,160.0,111.0,30.0,1.0,0.0,0.0,0.0,0.0,80.0,15.0,100.0,81.0,0.0,0.0,0.0,0.0,0.0,0.0,0.0,0.0,40.0,25.0,430.0,1688.0,60.0,108.0,50.0,98.0,70.0,84.0,0.0,0.0,0.0,0.0,370.0,1000.0,370.0,1030.0,0.0,0.0,0.0,0.0,70.0,75.0,370.0,723.0,0.0,0.0,30.0,18.0,0.0,0.0,0.0,0.0,0.0,0.0,0.0,0.0,30.0,185.0,0.0,0.0,,,,,,,,,,,,,,,,,,,,,,,,,,,,,,,,,,
49,UT,84062,2,3770.0,1470.0,1720.0,490.0,1680.0,9020.0,3560.0,70.0,40.0,30.0,0.0,0.0,630.0,500.0,137854.0,3770.0,139838.0,3360.0,116351.0,690.0,481.0,280.0,460.0,240.0,242.0,350.0,187.0,640.0,5579.0,300.0,398.0,210.0,1878.0,460.0,7299.0,30.0,120.0,480.0,390.0,2557.0,290.0,3457.0,1180.0,1984.0,120.0,27.0,0.0,0.0,100.0,366.0,70.0,185.0,520.0,432.0,50.0,108.0,0.0,0.0,930.0,15421.0,36112.0,700.0,1237.0,170.0,177.0,740.0,1196.0,920.0,2747.0,650.0,4853.0,820.0,4391.0,3480.0,61163.0,3470.0,7430.0,0.0,0.0,180.0,105.0,1880.0,1656.0,50.0,1.0,90.0,43.0,590.0,576.0,610.0,107.0,1030.0,895.0,40.0,13.0,500.0,1068.0,280.0,1001.0,310.0,1015.0,410.0,161.0,3670.0,14649.0,1140.0,2490.0,930.0,1915.0,1030.0,1933.0,450.0,382.0,120.0,121.0,2550.0,5774.0,2970.0,7132.0,0.0,0.0,0.0,0.0,620.0,928.0,3090.0,8390.0,,,,,,,,,,,,,,,,,,,,,,,,,,,,,,,,,,,,,,,,,,,,,,,,,,
13,GA,31302,1,1190.0,750.0,170.0,250.0,460.0,1770.0,590.0,0.0,0.0,0.0,0.0,,250.0,240.0,15444.0,1190.0,15717.0,910.0,11422.0,120.0,75.0,60.0,131.0,60.0,89.0,0.0,0.0,220.0,1859.0,40.0,67.0,,,,,0.0,0.0,0.0,70.0,140.0,0.0,0.0,220.0,273.0,0.0,0.0,0.0,0.0,20.0,60.0,0.0,0.0,20.0,13.0,,,,,0.0,0.0,0.0,0.0,0.0,0.0,0.0,0.0,0.0,0.0,0.0,0.0,0.0,0.0,0.0,460.0,2533.0,470.0,258.0,0.0,0.0,20.0,6.0,180.0,53.0,0.0,0.0,0.0,0.0,0.0,0.0,50.0,9.0,,,0.0,0.0,190.0,320.0,80.0,788.0,80.0,772.0,0.0,0.0,1090.0,2627.0,480.0,1276.0,420.0,1091.0,290.0,437.0,40.0,28.0,50.0,35.0,350.0,205.0,530.0,536.0,0.0,0.0,0.0,0.0,120.0,114.0,1020.0,2193.0,0.0,0.0,0.0,0.0,0.0,0.0,0.0,0.0,,,0.0,0.0,,,,,1070.0,60.0,850.0,0.0,0.0,1030.0,2199.0,20.0,94.0,180.0,1764.0,1180.0,16765.0,1180.0,16436.0,180.0,329.0,0.0,0.0,40.0,21.0,90.0,33.0,,,,,,,,,,,
46,SD,57001,6,0.0,0.0,0.0,0.0,0.0,0.0,0.0,0.0,0.0,0.0,0.0,0.0,0.0,0.0,0.0,0.0,0.0,0.0,0.0,0.0,0.0,0.0,0.0,0.0,0.0,0.0,0.0,0.0,0.0,0.0,0.0,0.0,0.0,0.0,0.0,0.0,0.0,0.0,0.0,0.0,0.0,0.0,0.0,0.0,0.0,0.0,0.0,0.0,0.0,0.0,0.0,0.0,0.0,0.0,0.0,0.0,0.0,0.0,0.0,0.0,0.0,0.0,0.0,0.0,0.0,0.0,0.0,0.0,0.0,0.0,0.0,0.0,0.0,0.0,0.0,0.0,0.0,0.0,0.0,0.0,0.0,0.0,0.0,0.0,0.0,0.0,0.0,0.0,0.0,0.0,0.0,0.0,0.0,0.0,0.0,0.0,0.0,0.0,0.0,0.0,0.0,0.0,0.0,0.0,0.0,0.0,0.0,0.0,0.0,0.0,0.0,0.0,0.0,0.0,0.0,0.0,0.0,0.0,0.0,0.0,0.0,0.0,0.0,0.0,0.0,0.0,0.0,,,,,,,,,,,,,,,,,,,,,,,,,,,,,,,,,,,,,,,,,,,,,,,,,,
48,TX,78208,2,490.0,240.0,110.0,130.0,170.0,1010.0,410.0,40.0,40.0,0.0,0.0,0.0,120.0,60.0,16695.0,490.0,16812.0,460.0,15143.0,30.0,16.0,40.0,43.0,40.0,33.0,0.0,0.0,60.0,547.0,30.0,783.0,0.0,0.0,60.0,981.0,0.0,0.0,0.0,80.0,469.0,0.0,0.0,90.0,117.0,0.0,0.0,0.0,0.0,0.0,0.0,0.0,0.0,60.0,55.0,0.0,0.0,0.0,0.0,60.0,1043.0,1979.0,0.0,0.0,40.0,56.0,40.0,125.0,50.0,162.0,30.0,141.0,40.0,119.0,460.0,8003.0,460.0,992.0,0.0,0.0,30.0,16.0,210.0,170.0,0.0,0.0,40.0,18.0,50.0,49.0,90.0,16.0,140.0,113.0,0.0,0.0,40.0,92.0,30.0,72.0,40.0,96.0,70.0,54.0,480.0,2234.0,170.0,432.0,140.0,373.0,140.0,234.0,30.0,25.0,0.0,0.0,360.0,822.0,390.0,959.0,0.0,0.0,0.0,0.0,50.0,89.0,430.0,1358.0,30.0,188.0,30.0,3.0,0.0,0.0,0.0,0.0,0.0,0.0,0.0,0.0,40.0,491.0,0.0,0.0,,,,,,,,,,,,,,,,,,,,,,,,,,,,,,,,,,
6,CA,94578,4,2080.0,840.0,890.0,310.0,1220.0,4530.0,,30.0,30.0,0.0,0.0,,180.0,440.0,179984.0,2080.0,181072.0,1910.0,155047.0,770.0,791.0,320.0,929.0,290.0,679.0,230.0,298.0,270.0,3038.0,270.0,1060.0,150.0,2300.0,330.0,9790.0,0.0,140.0,684.0,270.0,4971.0,50.0,923.0,420.0,1088.0,50.0,11.0,0.0,0.0,30.0,166.0,50.0,335.0,150.0,125.0,,,,,400.0,10652.0,35116.0,350.0,1694.0,40.0,101.0,340.0,1984.0,400.0,3557.0,330.0,4305.0,310.0,1303.0,2080.0,136231.0,2080.0,18885.0,0.0,0.0,40.0,141.0,920.0,2332.0,80.0,7.0,80.0,44.0,120.0,118.0,0.0,0.0,,,0.0,0.0,170.0,564.0,30.0,176.0,50.0,361.0,,,2050.0,19790.0,0.0,0.0,0.0,0.0,30.0,42.0,90.0,62.0,0.0,0.0,2050.0,16553.0,2060.0,17221.0,0.0,0.0,0.0,0.0,600.0,1599.0,1450.0,4088.0,70.0,1070.0,280.0,140.0,30.0,196.0,0.0,0.0,,,30.0,101.0,,,,,1850.0,130.0,1220.0,0.0,0.0,1480.0,4149.0,30.0,61.0,,,1680.0,32183.0,1680.0,31789.0,210.0,394.0,390.0,3397.0,270.0,771.0,810.0,2081.0,,,,,,,,,,,
36,NY,12746,2,130.0,70.0,40.0,40.0,70.0,230.0,60.0,0.0,0.0,0.0,0.0,,40.0,40.0,4764.0,130.0,4808.0,110.0,3702.0,40.0,10.0,0.0,0.0,0.0,0.0,0.0,0.0,30.0,287.0,40.0,48.0,0.0,0.0,30.0,645.0,0.0,0.0,0.0,50.0,465.0,0.0,0.0,30.0,44.0,0.0,0.0,0.0,0.0,0.0,0.0,0.0,0.0,30.0,33.0,0.0,0.0,0.0,0.0,20.0,334.0,894.0,0.0,0.0,0.0,0.0,40.0,225.0,20.0,175.0,0.0,0.0,0.0,0.0,130.0,2545.0,120.0,316.0,0.0,0.0,0.0,0.0,50.0,35.0,0.0,0.0,0.0,0.0,0.0,0.0,20.0,3.0,20.0,23.0,0.0,0.0,0.0,0.0,0.0,0.0,0.0,0.0,0.0,0.0,130.0,555.0,20.0,43.0,0.0,0.0,0.0,0.0,0.0,0.0,0.0,0.0,110.0,284.0,120.0,326.0,0.0,0.0,0.0,0.0,0.0,0.0,110.0,263.0,0.0,0.0,0.0,0.0,0.0,0.0,0.0,0.0,0.0,0.0,0.0,0.0,30.0,93.0,,,120.0,0.0,90.0,0.0,0.0,110.0,263.0,0.0,0.0,,,,,,,,,,,,,,,,,,,,,,,,,
42,PA,15559,3,180.0,50.0,110.0,0.0,110.0,380.0,100.0,0.0,0.0,0.0,0.0,,0.0,60.0,10973.0,180.0,11173.0,150.0,7916.0,70.0,34.0,40.0,90.0,40.0,68.0,0.0,0.0,30.0,603.0,50.0,307.0,,,,,0.0,0.0,0.0,70.0,1149.0,0.0,0.0,40.0,200.0,20.0,6.0,0.0,0.0,0.0,0.0,0.0,0.0,0.0,0.0,,,,,0.0,0.0,0.0,0.0,0.0,0.0,0.0,0.0,0.0,0.0,0.0,0.0,0.0,0.0,0.0,170.0,7279.0,170.0,858.0,0.0,0.0,0.0,0.0,70.0,141.0,30.0,1.0,0.0,0.0,0.0,0.0,20.0,4.0,,,0.0,0.0,0.0,0.0,0.0,0.0,0.0,0.0,0.0,0.0,170.0,1122.0,0.0,0.0,0.0,0.0,0.0,0.0,0.0,0.0,0.0,0.0,160.0,717.0,170.0,805.0,0.0,0.0,0.0,0.0,40.0,92.0,140.0,385.0,0.0,0.0,0.0,0.0,0.0,0.0,0.0,0.0,,,0.0,0.0,,,,,160.0,0.0,110.0,0.0,0.0,150.0,386.0,0.0,0.0,60.0,1494.0,170.0,3422.0,170.0,3357.0,50.0,94.0,0.0,0.0,30.0,75.0,50.0,120.0,,,,,,,,,,,
40,OK,74936,5,20.0,0.0,20.0,0.0,0.0,70.0,,0.0,0.0,0.0,0.0,,0.0,0.0,3467.0,20.0,3467.0001,0.0,0.0,0.0,0.0,0.0,0.0,0.0,0.0,0.0,0.0,0.0,0.0,0.0,0.0,0.0,0.0,0.0,0.0,0.0,0.0,0.0,0.0,0.0,0.0,0.0,0.0,0.0,0.0,0.0,0.0,0.0,0.0,0.0,0.0,0.0,0.0,0.0,,,,,0.0,0.0,0.0,0.0,0.0,0.0,0.0,0.0,0.0,0.0,0.0,0.0,0.0,0.0,0.0,20.0,2870.0,20.0,362.0,0.0,0.0,0.0,0.0,0.0,0.0,0.0,0.0,0.0,0.0,0.0,0.0,0.0,0.0,,,0.0,0.0,0.0,0.0,0.0,0.0,0.0,0.0,,,20.0,283.0,0.0,0.0,0.0,0.0,0.0,0.0,0.0,0.0,0.0,0.0,20.0,309.0,20.0,311.0,0.0,0.0,0.0,0.0,0.0,0.0,0.0,0.0,0.0,0.0,0.0,0.0,0.0,0.0,0.0,0.0,,,0.0,0.0,,,,,20.0,0.0,0.0,0.0,0.0,0.0,0.0,0.0,0.0,,,0.0,0.0,0.0,0.0,0.0,0.0,0.0,0.0,0.0,0.0,0.0,0.0,,,,,,,,,,,
30,MT,59930,2,80.0,40.0,50.0,0.0,50.0,190.0,60.0,0.0,0.0,0.0,0.0,0.0,0.0,40.0,2842.0,80.0,2898.0,50.0,1221.0,30.0,8.0,40.0,48.0,30.0,18.0,0.0,0.0,40.0,796.0,40.0,209.0,20.0,277.0,50.0,1018.0,0.0,0.0,0.0,40.0,194.0,0.0,0.0,20.0,56.0,0.0,0.0,0.0,0.0,0.0,0.0,0.0,0.0,0.0,0.0,0.0,0.0,0.0,0.0,0.0,0.0,0.0,0.0,0.0,0.0,0.0,0.0,0.0,0.0,0.0,0.0,0.0,0.0,0.0,70.0,1198.0,70.0,138.0,0.0,0.0,0.0,0.0,20.0,17.0,0.0,0.0,0.0,0.0,0.0,0.0,0.0,0.0,20.0,27.0,0.0,0.0,20.0,39.0,0.0,0.0,0.0,0.0,0.0,0.0,70.0,280.0,0.0,0.0,0.0,0.0,0.0,0.0,0.0,0.0,0.0,0.0,60.0,122.0,60.0,151.0,0.0,0.0,0.0,0.0,0.0,0.0,60.0,145.0,,,,,,,,,,,,,,,,,,,,,,,,,,,,,,,,,,,,,,,,,,,,,,,,,,
54,WV,25922,4,30.0,0.0,30.0,0.0,20.0,90.0,,0.0,0.0,0.0,0.0,,0.0,0.0,3499.0,30.0,3499.0001,30.0,2531.0,0.0,0.0,0.0,0.0,0.0,0.0,0.0,0.0,0.0,0.0,0.0,0.0,0.0,0.0,0.0,0.0,0.0,0.0,0.0,0.0,0.0,0.0,0.0,0.0,0.0,0.0,0.0,0.0,0.0,0.0,0.0,0.0,0.0,0.0,0.0,,,,,0.0,0.0,0.0,0.0,0.0,0.0,0.0,0.0,0.0,0.0,0.0,0.0,0.0,0.0,0.0,30.0,2722.0,30.0,391.0,0.0,0.0,0.0,0.0,0.0,0.0,0.0,0.0,0.0,0.0,0.0,0.0,0.0,0.0,,,0.0,0.0,0.0,0.0,0.0,0.0,0.0,0.0,,,30.0,367.0,0.0,0.0,0.0,0.0,0.0,0.0,0.0,0.0,0.0,0.0,30.0,351.0,30.0,337.0,0.0,0.0,0.0,0.0,0.0,0.0,0.0,0.0,0.0,0.0,0.0,0.0,0.0,0.0,0.0,0.0,,,0.0,0.0,,,,,30.0,0.0,0.0,0.0,0.0,20.0,54.0,0.0,0.0,,,30.0,722.0,30.0,707.0,0.0,0.0,0.0,0.0,0.0,0.0,0.0,0.0,,,,,,,,,,,
49,UT,84762,1,50.0,40.0,30.0,0.0,30.0,70.0,40.0,0.0,0.0,0.0,0.0,,0.0,30.0,513.0,50.0,645.0,40.0,823.0,20.0,1.0,0.0,0.0,0.0,0.0,0.0,0.0,30.0,77.0,0.0,0.0,0.0,0.0,0.0,0.0,0.0,0.0,0.0,0.0,0.0,0.0,0.0,40.0,132.0,0.0,0.0,0.0,0.0,0.0,0.0,0.0,0.0,0.0,0.0,0.0,0.0,0.0,0.0,0.0,0.0,0.0,0.0,0.0,0.0,0.0,0.0,0.0,0.0,0.0,0.0,0.0,0.0,0.0,0.0,0.0,0.0,0.0,0.0,0.0,0.0,0.0,0.0,0.0,0.0,0.0,0.0,0.0,0.0,0.0,0.0,0.0,0.0,0.0,0.0,0.0,30.0,31.0,0.0,0.0,0.0,0.0,0.0,0.0,40.0,95.0,20.0,44.0,0.0,0.0,0.0,0.0,0.0,0.0,0.0,0.0,0.0,0.0,30.0,23.0,0.0,0.0,0.0,0.0,0.0,0.0,30.0,71.0,0.0,0.0,0.0,0.0,0.0,0.0,0.0,0.0,0.0,0.0,0.0,0.0,0.0,0.0,,,40.0,0.0,30.0,0.0,0.0,30.0,71.0,0.0,0.0,,,,,,,,,,,,,,,,,,,,,,,,,
29,MO,63011,6,1530.0,90.0,1400.0,30.0,930.0,4690.0,1770.0,0.0,0.0,0.0,0.0,0.0,30.0,440.0,536318.0,1530.0,545256.0,1400.0,359305.0,1140.0,2722.0,1050.0,14964.0,1030.0,12678.0,830.0,1997.0,340.0,20828.0,990.0,37895.0,310.0,13855.0,330.0,14864.0,0.0,0.0,0.0,230.0,6431.0,430.0,67240.0,520.0,8938.0,60.0,16.0,100.0,2825.0,150.0,1780.0,0.0,0.0,0.0,0.0,0.0,0.0,40.0,614.0,1500.0,61390.0,526419.0,1470.0,27981.0,0.0,0.0,1460.0,8499.0,1500.0,37857.0,1180.0,10419.0,1420.0,11658.0,1530.0,459527.0,1520.0,117610.0,840.0,3384.0,0.0,0.0,710.0,985.0,500.0,455.0,160.0,77.0,0.0,0.0,0.0,0.0,0.0,0.0,80.0,35.0,330.0,3212.0,0.0,0.0,0.0,0.0,0.0,0.0,1520.0,117893.0,0.0,0.0,0.0,0.0,0.0,0.0,0.0,0.0,0.0,0.0,1520.0,116629.0,1530.0,122138.0,730.0,1032.0,700.0,903.0,740.0,12633.0,630.0,5301.0,40.0,774.0,1300.0,1166.0,30.0,120.0,70.0,11.0,0.0,0.0,90.0,221.0,220.0,2506.0,50.0,945.0,,,,,,,,,,,,,,,,,,,,,,,,,,,,,,,,,,
13,GA,30572,6,0.0,0.0,0.0,0.0,0.0,0.0,0.0,0.0,0.0,0.0,0.0,,0.0,0.0,0.0,0.0,0.0,0.0,0.0,0.0,0.0,0.0,0.0,0.0,0.0,0.0,0.0,0.0,0.0,0.0,0.0,,,,,0.0,0.0,0.0,0.0,0.0,0.0,0.0,0.0,0.0,0.0,0.0,0.0,0.0,0.0,0.0,0.0,0.0,0.0,0.0,,,,,0.0,0.0,0.0,0.0,0.0,0.0,0.0,0.0,0.0,0.0,0.0,0.0,0.0,0.0,0.0,0.0,0.0,0.0,0.0,0.0,0.0,0.0,0.0,0.0,0.0,0.0,0.0,0.0,0.0,0.0,0.0,0.0,0.0,,,0.0,0.0,0.0,0.0,0.0,0.0,0.0,0.0,0.0,0.0,0.0,0.0,0.0,0.0,0.0,0.0,0.0,0.0,0.0,0.0,0.0,0.0,0.0,0.0,0.0,0.0,0.0,0.0,0.0,0.0,0.0,0.0,0.0,0.0,0.0,0.0,0.0,0.0,0.0,0.0,0.0,0.0,,,0.0,0.0,,,,,0.0,0.0,0.0,0.0,0.0,0.0,0.0,0.0,0.0,0.0,0.0,0.0,0.0,0.0,0.0,0.0,0.0,0.0,0.0,0.0,0.0,0.0,0.0,,,,,,,,,,,
41,OR,97068,6,2710.0,160.0,2450.0,80.0,1800.0,8330.0,,0.0,0.0,0.0,0.0,,40.0,750.0,1239018.0,2710.0,1255532.0,2410.0,694423.0,2300.0,9987.0,1770.0,34637.0,1700.0,29130.0,130.0,398.0,640.0,38740.0,1740.0,183931.0,380.0,23938.0,510.0,26938.0,70.0,360.0,4211.0,420.0,13353.0,840.0,202620.0,1490.0,16514.0,70.0,17.0,170.0,5539.0,390.0,5105.0,50.0,480.0,0.0,0.0,,,,,1560.0,67723.0,808477.0,1500.0,57919.0,0.0,0.0,1520.0,18520.0,1560.0,15571.0,1430.0,27037.0,1390.0,19896.0,2700.0,1107815.0,2700.0,256064.0,30.0,292.0,0.0,0.0,1850.0,7294.0,800.0,842.0,240.0,124.0,0.0,0.0,0.0,0.0,,,70.0,104.0,600.0,5807.0,0.0,0.0,0.0,0.0,,,2680.0,249764.0,0.0,0.0,0.0,0.0,0.0,0.0,0.0,0.0,0.0,0.0,2700.0,248770.0,2710.0,262908.0,1440.0,2483.0,1640.0,5347.0,1550.0,37465.0,820.0,10195.0,50.0,2105.0,150.0,82.0,30.0,242.0,270.0,292.0,0.0,0.0,140.0,1270.0,,,,,2580.0,30.0,720.0,40.0,1167.0,1150.0,24103.0,410.0,13908.0,,,1150.0,28360.0,1150.0,27758.0,280.0,602.0,1560.0,15519.0,1320.0,35163.0,1240.0,3799.0,70.0,800.0,210.0,0.0,0.0,30.0,11.0,660.0,1103.0,350.0,387.0
49,UT,84036,3,540.0,220.0,240.0,50.0,320.0,1120.0,,0.0,0.0,0.0,0.0,,40.0,140.0,33216.0,540.0,33784.0,460.0,24405.0,170.0,266.0,120.0,693.0,110.0,488.0,40.0,34.0,120.0,1177.0,120.0,501.0,50.0,730.0,90.0,2484.0,20.0,90.0,1400.0,90.0,1563.0,60.0,1145.0,270.0,568.0,40.0,9.0,0.0,0.0,20.0,131.0,30.0,157.0,40.0,28.0,,,,,80.0,1992.0,5237.0,70.0,258.0,40.0,40.0,70.0,220.0,80.0,449.0,60.0,653.0,60.0,289.0,530.0,22080.0,530.0,2614.0,0.0,0.0,20.0,30.0,230.0,519.0,30.0,2.0,40.0,19.0,40.0,49.0,50.0,8.0,,,30.0,47.0,90.0,289.0,30.0,333.0,40.0,353.0,,,520.0,3273.0,0.0,0.0,0.0,0.0,70.0,136.0,30.0,25.0,0.0,0.0,460.0,2096.0,480.0,2398.0,0.0,0.0,0.0,0.0,140.0,335.0,380.0,1087.0,30.0,473.0,40.0,25.0,0.0,0.0,0.0,0.0,0.0,0.0,0.0,0.0,,,,,510.0,30.0,350.0,0.0,0.0,400.0,1206.0,20.0,91.0,,,460.0,8812.0,460.0,8667.0,80.0,146.0,80.0,446.0,140.0,337.0,170.0,458.0,20.0,150.0,39.0,0.0,0.0,80.0,104.0,470.0,922.0,440.0,520.0
26,MI,49072,6,0.0,0.0,0.0,0.0,0.0,0.0,0.0,0.0,0.0,0.0,0.0,0.0,0.0,0.0,0.0,0.0,0.0,0.0,0.0,0.0,0.0,0.0,0.0,0.0,0.0,0.0,0.0,0.0,0.0,0.0,0.0,0.0,0.0,0.0,0.0,0.0,0.0,0.0,0.0,0.0,0.0,0.0,0.0,0.0,0.0,0.0,0.0,0.0,0.0,0.0,0.0,0.0,0.0,0.0,0.0,0.0,0.0,0.0,0.0,0.0,0.0,0.0,0.0,0.0,0.0,0.0,0.0,0.0,0.0,0.0,0.0,0.0,0.0,0.0,0.0,0.0,0.0,0.0,0.0,0.0,0.0,0.0,0.0,0.0,0.0,0.0,0.0,0.0,0.0,0.0,0.0,0.0,0.0,0.0,0.0,0.0,0.0,0.0,0.0,0.0,0.0,0.0,0.0,0.0,0.0,0.0,0.0,0.0,0.0,0.0,0.0,0.0,0.0,0.0,0.0,0.0,0.0,0.0,0.0,0.0,0.0,0.0,0.0,0.0,0.0,0.0,0.0,0.0,0.0,0.0,0.0,0.0,0.0,0.0,0.0,0.0,0.0,0.0,0.0,0.0,0.0,0.0,0.0,,,,,,,,,,,,,,,,,,,,,,,,,,,,,,,,,,
54,WV,26711,1,380.0,240.0,80.0,50.0,200.0,550.0,160.0,0.0,0.0,0.0,0.0,,40.0,100.0,4702.0,380.0,4796.0,260.0,3239.0,60.0,43.0,30.0,34.0,30.0,19.0,0.0,0.0,70.0,509.0,0.0,0.0,,,,,30.0,0.0,0.0,30.0,54.0,30.0,67.0,70.0,94.0,0.0,0.0,0.0,0.0,0.0,0.0,20.0,90.0,0.0,0.0,,,,,0.0,0.0,0.0,0.0,0.0,0.0,0.0,0.0,0.0,0.0,0.0,0.0,0.0,0.0,0.0,130.0,682.0,130.0,70.0,0.0,0.0,0.0,0.0,50.0,14.0,0.0,0.0,0.0,0.0,0.0,0.0,20.0,3.0,,,0.0,0.0,60.0,73.0,0.0,0.0,0.0,0.0,20.0,14.0,340.0,745.0,130.0,311.0,110.0,275.0,70.0,108.0,0.0,0.0,0.0,0.0,100.0,56.0,160.0,137.0,0.0,0.0,0.0,0.0,40.0,36.0,310.0,641.0,0.0,0.0,0.0,0.0,0.0,0.0,0.0,0.0,,,0.0,0.0,,,,,340.0,30.0,250.0,0.0,0.0,310.0,643.0,0.0,0.0,90.0,900.0,370.0,5488.0,370.0,5334.0,80.0,154.0,0.0,0.0,0.0,0.0,20.0,8.0,,,,,,,,,,,
17,IL,61243,3,20.0,0.0,0.0,0.0,0.0,60.0,,0.0,0.0,0.0,0.0,,0.0,0.0,1674.0,20.0,1674.0001,40.0,2757.0,0.0,0.0,0.0,0.0,0.0,0.0,0.0,0.0,0.0,0.0,0.0,0.0,0.0,0.0,0.0,0.0,0.0,0.0,0.0,0.0,0.0,0.0,0.0,0.0,0.0,0.0,0.0,0.0,0.0,0.0,0.0,0.0,0.0,0.0,0.0,,,,,0.0,0.0,0.0,0.0,0.0,0.0,0.0,0.0,0.0,0.0,0.0,0.0,0.0,0.0,0.0,20.0,1095.0,20.0,139.0,0.0,0.0,0.0,0.0,40.0,83.0,0.0,0.0,0.0,0.0,0.0,0.0,0.0,0.0,,,0.0,0.0,0.0,0.0,0.0,0.0,0.0,0.0,,,20.0,134.0,0.0,0.0,0.0,0.0,0.0,0.0,0.0,0.0,0.0,0.0,0.0,0.0,0.0,0.0,0.0,0.0,0.0,0.0,30.0,351.0,20.0,52.0,0.0,0.0,0.0,0.0,0.0,0.0,0.0,0.0,,,0.0,0.0,,,,,20.0,0.0,20.0,0.0,0.0,20.0,62.0,0.0,0.0,,,20.0,436.0,20.0,433.0,0.0,0.0,0.0,0.0,0.0,0.0,0.0,0.0,,,,,,,,,,,
22,LA,70436,6,0.0,0.0,0.0,0.0,0.0,0.0,0.0,0.0,0.0,0.0,0.0,,0.0,0.0,0.0,0.0,0.0,0.0,0.0,0.0,0.0,0.0,0.0,0.0,0.0,0.0,0.0,0.0,0.0,0.0,0.0,,,,,0.0,0.0,0.0,0.0,0.0,0.0,0.0,0.0,0.0,0.0,0.0,0.0,0.0,0.0,0.0,0.0,0.0,0.0,0.0,,,,,0.0,0.0,0.0,0.0,0.0,0.0,0.0,0.0,0.0,0.0,0.0,0.0,0.0,0.0,0.0,0.0,0.0,0.0,0.0,0.0,0.0,0.0,0.0,0.0,0.0,0.0,0.0,0.0,0.0,0.0,0.0,0.0,0.0,,,0.0,0.0,0.0,0.0,0.0,0.0,0.0,0.0,0.0,0.0,0.0,0.0,0.0,0.0,0.0,0.0,0.0,0.0,0.0,0.0,0.0,0.0,0.0,0.0,0.0,0.0,0.0,0.0,0.0,0.0,0.0,0.0,0.0,0.0,0.0,0.0,0.0,0.0,0.0,0.0,0.0,0.0,,,0.0,0.0,,,,,0.0,0.0,0.0,0.0,0.0,0.0,0.0,0.0,0.0,0.0,0.0,0.0,0.0,0.0,0.0,0.0,0.0,0.0,0.0,0.0,0.0,0.0,0.0,,,,,,,,,,,
40,OK,74801,3,1080.0,320.0,610.0,130.0,560.0,2570.0,880.0,0.0,0.0,0.0,0.0,,200.0,320.0,66477.0,1080.0,66817.0,940.0,52283.0,300.0,212.0,100.0,211.0,100.0,161.0,100.0,56.0,140.0,595.0,90.0,446.0,,,,,40.0,40.0,156.0,250.0,3428.0,40.0,406.0,250.0,340.0,30.0,8.0,0.0,0.0,30.0,173.0,0.0,0.0,130.0,120.0,,,,,60.0,1692.0,3969.0,40.0,90.0,30.0,50.0,50.0,83.0,60.0,210.0,40.0,200.0,50.0,270.0,1080.0,44023.0,1080.0,5278.0,0.0,0.0,0.0,0.0,530.0,1281.0,0.0,0.0,50.0,29.0,60.0,64.0,140.0,23.0,,,0.0,0.0,100.0,176.0,20.0,268.0,30.0,351.0,40.0,52.0,1060.0,6413.0,0.0,0.0,0.0,0.0,140.0,301.0,40.0,29.0,0.0,0.0,940.0,3997.0,970.0,4242.0,0.0,0.0,0.0,0.0,220.0,441.0,850.0,2551.0,50.0,1061.0,40.0,19.0,0.0,0.0,0.0,0.0,,,0.0,0.0,,,,,1000.0,50.0,800.0,30.0,625.0,860.0,2599.0,30.0,72.0,300.0,8382.0,1020.0,20244.0,1020.0,19848.0,200.0,395.0,50.0,161.0,110.0,244.0,440.0,1136.0,,,,,,,,,,,
4,AZ,85614,5,1890.0,350.0,1510.0,0.0,1150.0,3700.0,300.0,40.0,0.0,40.0,0.0,,50.0,1630.0,251044.0,1890.0,252628.0,730.0,54996.0,1400.0,3782.0,1210.0,15616.0,1150.0,11465.0,600.0,790.0,250.0,3574.0,1140.0,16117.0,1150.0,40619.0,1420.0,72907.0,0.0,20.0,142.0,1490.0,37355.0,200.0,2897.0,330.0,1584.0,30.0,8.0,30.0,455.0,70.0,325.0,40.0,243.0,70.0,82.0,0.0,0.0,0.0,0.0,1210.0,33644.0,164230.0,840.0,3441.0,350.0,788.0,1050.0,4100.0,1210.0,8963.0,730.0,5600.0,1130.0,6651.0,1890.0,193230.0,1880.0,31436.0,30.0,73.0,0.0,0.0,720.0,531.0,570.0,136.0,0.0,0.0,30.0,43.0,0.0,0.0,80.0,134.0,90.0,192.0,170.0,585.0,0.0,0.0,0.0,0.0,0.0,0.0,1860.0,31646.0,0.0,0.0,0.0,0.0,0.0,0.0,30.0,29.0,0.0,0.0,1870.0,30905.0,1870.0,31588.0,0.0,0.0,0.0,0.0,890.0,3971.0,790.0,2886.0,600.0,8644.0,750.0,526.0,40.0,166.0,90.0,37.0,0.0,0.0,70.0,121.0,320.0,2570.0,,,1660.0,140.0,680.0,50.0,775.0,990.0,3993.0,260.0,1107.0,,,,,,,,,,,,,,,,,,,,,,,,,
21,KY,41836,4,30.0,0.0,30.0,0.0,30.0,90.0,30.0,0.0,0.0,0.0,0.0,,0.0,0.0,3578.0,30.0,3578.0,30.0,2544.0,0.0,0.0,0.0,0.0,0.0,0.0,0.0,0.0,0.0,0.0,0.0,0.0,,,,,0.0,0.0,0.0,0.0,0.0,0.0,0.0,0.0,0.0,0.0,0.0,0.0,0.0,0.0,0.0,0.0,0.0,0.0,0.0,,,,,0.0,0.0,0.0,0.0,0.0,0.0,0.0,0.0,0.0,0.0,0.0,0.0,0.0,0.0,0.0,30.0,2753.0,30.0,374.0,0.0,0.0,0.0,0.0,0.0,0.0,0.0,0.0,0.0,0.0,0.0,0.0,0.0,0.0,,,0.0,0.0,0.0,0.0,0.0,0.0,0.0,0.0,0.0,0.0,30.0,371.0,0.0,0.0,0.0,0.0,0.0,0.0,0.0,0.0,0.0,0.0,30.0,314.0,30.0,338.0,0.0,0.0,0.0,0.0,0.0,0.0,20.0,82.0,0.0,0.0,0.0,0.0,0.0,0.0,0.0,0.0,,,0.0,0.0,,,,,30.0,0.0,0.0,0.0,0.0,20.0,85.0,0.0,0.0,0.0,0.0,30.0,778.0,30.0,768.0,0.0,0.0,0.0,0.0,0.0,0.0,0.0,0.0,,,,,,,,,,,
12,FL,32137,5,2710.0,340.0,2280.0,70.0,1640.0,6080.0,1090.0,40.0,0.0,40.0,0.0,0.0,80.0,1720.0,365162.0,2710.0,369806.0,1720.0,156500.0,1710.0,4661.0,1420.0,15579.0,1340.0,11923.0,240.0,279.0,460.0,8389.0,1340.0,11893.0,1090.0,38553.0,1570.0,85205.0,0.0,40.0,217.0,1490.0,37971.0,430.0,9186.0,790.0,4644.0,110.0,32.0,30.0,415.0,150.0,1248.0,100.0,639.0,180.0,211.0,50.0,108.0,0.0,0.0,1650.0,46408.0,228713.0,310.0,1761.0,1200.0,2709.0,1580.0,9741.0,1650.0,14578.0,1260.0,12294.0,1520.0,7221.0,2700.0,281072.0,2690.0,47563.0,80.0,200.0,30.0,160.0,1040.0,986.0,560.0,193.0,130.0,71.0,140.0,182.0,0.0,0.0,260.0,356.0,130.0,85.0,320.0,1443.0,0.0,0.0,30.0,178.0,30.0,77.0,2670.0,51186.0,0.0,0.0,0.0,0.0,0.0,0.0,120.0,107.0,0.0,0.0,2680.0,46577.0,2690.0,48366.0,20.0,7.0,0.0,0.0,1080.0,5128.0,1400.0,6550.0,480.0,5226.0,370.0,206.0,50.0,184.0,90.0,66.0,30.0,42.0,110.0,222.0,490.0,5032.0,50.0,514.0,,,,,,,,,,,,,,,,,,,,,,,,,,,,,,,,,,
15,HI,96707,1,5320.0,4080.0,530.0,560.0,2140.0,6300.0,1600.0,190.0,110.0,80.0,30.0,,1010.0,820.0,66165.0,5320.0,67356.0,4410.0,57345.0,640.0,270.0,280.0,393.0,250.0,283.0,110.0,135.0,510.0,2606.0,220.0,275.0,170.0,1036.0,600.0,5928.0,0.0,100.0,599.0,180.0,324.0,60.0,227.0,710.0,1191.0,30.0,6.0,20.0,124.0,50.0,200.0,30.0,79.0,220.0,203.0,40.0,125.0,0.0,0.0,370.0,6818.0,5808.0,190.0,319.0,130.0,83.0,230.0,384.0,350.0,830.0,240.0,3054.0,240.0,546.0,2590.0,17193.0,2590.0,1820.0,0.0,0.0,0.0,0.0,780.0,256.0,30.0,1.0,30.0,8.0,200.0,119.0,400.0,62.0,150.0,55.0,0.0,0.0,380.0,576.0,50.0,238.0,50.0,229.0,100.0,44.0,4860.0,9729.0,1430.0,3203.0,1260.0,2974.0,750.0,877.0,230.0,195.0,50.0,46.0,2170.0,1564.0,2530.0,2217.0,0.0,0.0,0.0,0.0,400.0,351.0,4580.0,7798.0,160.0,1451.0,70.0,33.0,0.0,0.0,0.0,0.0,0.0,0.0,0.0,0.0,150.0,721.0,,,4450.0,470.0,3420.0,0.0,0.0,4590.0,7860.0,0.0,0.0,,,,,,,,,,,,,,,,,,,,,,,,,
29,MO,64862,5,80.0,0.0,70.0,0.0,70.0,210.0,60.0,0.0,0.0,0.0,0.0,,0.0,30.0,11852.0,80.0,12083.0,60.0,6928.0,50.0,32.0,40.0,400.0,40.0,332.0,30.0,38.0,0.0,0.0,40.0,842.0,0.0,0.0,30.0,675.0,30.0,0.0,0.0,30.0,549.0,0.0,0.0,30.0,231.0,0.0,0.0,0.0,0.0,0.0,0.0,0.0,0.0,0.0,0.0,0.0,0.0,0.0,0.0,50.0,1227.0,7301.0,50.0,314.0,0.0,0.0,40.0,59.0,50.0,395.0,30.0,165.0,30.0,250.0,80.0,9120.0,80.0,1583.0,0.0,0.0,0.0,0.0,40.0,62.0,0.0,0.0,0.0,0.0,0.0,0.0,0.0,0.0,0.0,0.0,0.0,0.0,0.0,0.0,0.0,0.0,0.0,0.0,0.0,0.0,80.0,1502.0,0.0,0.0,0.0,0.0,0.0,0.0,0.0,0.0,0.0,0.0,80.0,1513.0,80.0,1638.0,0.0,0.0,0.0,0.0,40.0,318.0,40.0,180.0,0.0,0.0,30.0,20.0,0.0,0.0,0.0,0.0,0.0,0.0,0.0,0.0,0.0,0.0,,,80.0,0.0,30.0,0.0,0.0,40.0,216.0,0.0,0.0,,,,,,,,,,,,,,,,,,,,,,,,,
8,CO,80230,6,900.0,100.0,750.0,40.0,650.0,2660.0,,0.0,0.0,0.0,0.0,,0.0,240.0,430292.0,900.0,437961.0,790.0,250934.0,730.0,3377.0,680.0,12214.0,650.0,8788.0,50.0,103.0,260.0,14531.0,670.0,57090.0,150.0,9906.0,130.0,6182.0,0.0,60.0,789.0,130.0,4384.0,330.0,72890.0,540.0,7669.0,20.0,5.0,80.0,2864.0,140.0,1907.0,0.0,0.0,0.0,0.0,,,,,540.0,24911.0,285053.0,520.0,11721.0,0.0,0.0,500.0,2820.0,540.0,5471.0,490.0,9250.0,490.0,8819.0,900.0,387238.0,900.0,92759.0,0.0,0.0,0.0,0.0,640.0,2237.0,390.0,343.0,120.0,62.0,0.0,0.0,0.0,0.0,,,30.0,72.0,260.0,2830.0,0.0,0.0,0.0,0.0,,,900.0,92702.0,0.0,0.0,0.0,0.0,0.0,0.0,0.0,0.0,0.0,0.0,900.0,90521.0,900.0,96709.0,550.0,1133.0,630.0,2016.0,460.0,11743.0,300.0,2811.0,0.0,0.0,300.0,245.0,0.0,0.0,70.0,57.0,0.0,0.0,90.0,786.0,,,,,860.0,0.0,260.0,30.0,65.0,440.0,7667.0,160.0,4856.0,,,370.0,8781.0,370.0,8586.0,90.0,195.0,530.0,5272.0,530.0,9344.0,340.0,1021.0,20.0,270.0,77.0,0.0,0.0,0.0,0.0,160.0,229.0,60.0,70.0
22,LA,70431,2,530.0,240.0,210.0,80.0,300.0,1060.0,330.0,0.0,0.0,0.0,0.0,,100.0,170.0,19634.0,530.0,19969.0,400.0,13309.0,130.0,78.0,70.0,172.0,60.0,142.0,50.0,26.0,110.0,1140.0,50.0,165.0,70.0,757.0,140.0,3041.0,0.0,30.0,90.0,140.0,911.0,0.0,0.0,120.0,335.0,20.0,5.0,0.0,0.0,0.0,0.0,0.0,0.0,30.0,37.0,0.0,0.0,0.0,0.0,90.0,1660.0,3529.0,70.0,85.0,50.0,85.0,60.0,112.0,90.0,247.0,60.0,418.0,60.0,162.0,510.0,9574.0,510.0,1164.0,0.0,0.0,50.0,52.0,170.0,139.0,0.0,0.0,0.0,0.0,40.0,46.0,60.0,9.0,110.0,101.0,0.0,0.0,80.0,208.0,40.0,198.0,40.0,196.0,40.0,29.0,520.0,2143.0,120.0,268.0,100.0,192.0,80.0,119.0,0.0,0.0,0.0,0.0,440.0,1025.0,480.0,1270.0,0.0,0.0,0.0,0.0,110.0,205.0,420.0,1044.0,40.0,476.0,0.0,0.0,0.0,0.0,0.0,0.0,40.0,71.0,0.0,0.0,50.0,362.0,,,480.0,30.0,360.0,0.0,0.0,420.0,1074.0,30.0,87.0,,,,,,,,,,,,,,,,,,,,,,,,,
24,MD,20724,5,1550.0,450.0,870.0,190.0,720.0,3590.0,1170.0,0.0,0.0,0.0,0.0,0.0,160.0,260.0,207107.0,1550.0,208495.0,1490.0,184068.0,800.0,546.0,400.0,920.0,370.0,677.0,1010.0,1547.0,290.0,1239.0,350.0,1064.0,110.0,1836.0,370.0,12559.0,0.0,30.0,176.0,140.0,2816.0,70.0,1674.0,440.0,1388.0,80.0,20.0,0.0,0.0,30.0,191.0,30.0,190.0,170.0,186.0,50.0,109.0,0.0,0.0,1400.0,38740.0,188979.0,1380.0,12382.0,0.0,0.0,1160.0,3788.0,1400.0,16431.0,1120.0,11381.0,1190.0,6785.0,1550.0,152123.0,1550.0,27851.0,80.0,123.0,0.0,0.0,580.0,656.0,110.0,7.0,240.0,148.0,110.0,155.0,0.0,0.0,230.0,286.0,70.0,53.0,150.0,373.0,0.0,0.0,0.0,0.0,0.0,0.0,1550.0,30897.0,0.0,0.0,0.0,0.0,0.0,0.0,90.0,84.0,0.0,0.0,1550.0,27195.0,1550.0,27805.0,0.0,0.0,0.0,0.0,440.0,1512.0,1100.0,4519.0,70.0,630.0,150.0,92.0,0.0,0.0,80.0,40.0,60.0,79.0,0.0,0.0,380.0,3160.0,40.0,155.0,,,,,,,,,,,,,,,,,,,,,,,,,,,,,,,,,,
4,AZ,85234,6,1370.0,80.0,1250.0,30.0,990.0,4550.0,1920.0,0.0,0.0,0.0,0.0,,30.0,320.0,578853.0,1370.0,589947.0,1270.0,303778.0,950.0,6003.0,730.0,10395.0,690.0,8162.0,710.0,2629.0,320.0,14090.0,800.0,101734.0,160.0,7863.0,240.0,12555.0,0.0,0.0,0.0,140.0,4101.0,540.0,113173.0,560.0,11094.0,50.0,13.0,60.0,2994.0,210.0,2517.0,50.0,523.0,0.0,0.0,0.0,0.0,70.0,2926.0,1310.0,69468.0,559181.0,1240.0,21432.0,70.0,302.0,1260.0,5453.0,1300.0,28168.0,1070.0,13329.0,1240.0,25767.0,1370.0,495553.0,1370.0,125694.0,460.0,2483.0,0.0,0.0,450.0,1299.0,300.0,636.0,90.0,52.0,0.0,0.0,0.0,0.0,0.0,0.0,30.0,49.0,300.0,2247.0,0.0,0.0,0.0,0.0,0.0,0.0,1350.0,129537.0,0.0,0.0,0.0,0.0,0.0,0.0,0.0,0.0,0.0,0.0,1360.0,124395.0,1370.0,130128.0,590.0,740.0,660.0,2303.0,740.0,17490.0,490.0,7797.0,50.0,628.0,960.0,850.0,30.0,217.0,90.0,35.0,0.0,0.0,110.0,923.0,230.0,3716.0,,,1260.0,80.0,410.0,80.0,2888.0,620.0,16713.0,160.0,8917.0,,,,,,,,,,,,,,,,,,,,,,,,,
18,IN,46530,1,4000.0,3370.0,430.0,160.0,1530.0,3070.0,500.0,70.0,40.0,30.0,0.0,,250.0,880.0,38252.0,4000.0,39057.0,3000.0,27165.0,900.0,565.0,740.0,1467.0,690.0,1029.0,70.0,26.0,360.0,1739.0,640.0,1006.0,400.0,2614.0,610.0,4726.0,20.0,30.0,103.0,240.0,488.0,80.0,-172.0,540.0,805.0,0.0,0.0,0.0,0.0,50.0,131.0,20.0,57.0,150.0,161.0,60.0,186.0,0.0,0.0,260.0,4400.0,3410.0,150.0,201.0,90.0,67.0,190.0,494.0,250.0,822.0,130.0,678.0,170.0,344.0,1660.0,9076.0,1580.0,961.0,0.0,0.0,50.0,22.0,360.0,104.0,100.0,3.0,0.0,0.0,100.0,57.0,130.0,22.0,40.0,15.0,0.0,0.0,310.0,328.0,140.0,640.0,140.0,587.0,70.0,36.0,3430.0,4400.0,530.0,1020.0,420.0,875.0,210.0,252.0,100.0,90.0,90.0,86.0,1430.0,857.0,1700.0,1237.0,0.0,0.0,0.0,0.0,390.0,257.0,3160.0,3362.0,190.0,2209.0,120.0,50.0,0.0,0.0,0.0,0.0,0.0,0.0,0.0,0.0,90.0,218.0,,,3410.0,300.0,2160.0,0.0,0.0,3200.0,3415.0,40.0,54.0,,,,,,,,,,,,,,,,,,,,,,,,,
6,CA,92551,5,980.0,120.0,750.0,110.0,700.0,3050.0,,0.0,0.0,0.0,0.0,,80.0,190.0,122494.0,980.0,123276.0,930.0,106393.0,570.0,238.0,90.0,105.0,80.0,83.0,170.0,305.0,150.0,1519.0,110.0,385.0,50.0,1352.0,220.0,8593.0,0.0,60.0,308.0,130.0,2691.0,40.0,2357.0,260.0,782.0,50.0,15.0,0.0,0.0,0.0,0.0,0.0,0.0,120.0,149.0,,,,,340.0,10247.0,44548.0,320.0,2175.0,20.0,85.0,320.0,1357.0,340.0,3306.0,320.0,3889.0,300.0,1927.0,980.0,96891.0,980.0,14182.0,0.0,0.0,0.0,0.0,640.0,2169.0,0.0,0.0,80.0,66.0,100.0,119.0,0.0,0.0,,,60.0,219.0,70.0,329.0,0.0,0.0,0.0,0.0,,,960.0,12773.0,0.0,0.0,0.0,0.0,0.0,0.0,80.0,70.0,0.0,0.0,970.0,12013.0,970.0,12469.0,20.0,7.0,0.0,0.0,400.0,1733.0,580.0,2001.0,40.0,416.0,240.0,232.0,0.0,0.0,30.0,99.0,,,0.0,0.0,,,,,880.0,60.0,540.0,40.0,684.0,580.0,2017.0,0.0,0.0,,,630.0,14801.0,630.0,14637.0,90.0,174.0,330.0,3089.0,90.0,589.0,600.0,1777.0,,,,,,,,,,,
36,NY,13318,6,0.0,0.0,0.0,0.0,0.0,0.0,0.0,0.0,0.0,0.0,0.0,0.0,0.0,0.0,0.0,0.0,0.0,0.0,0.0,0.0,0.0,0.0,0.0,0.0,0.0,0.0,0.0,0.0,0.0,0.0,0.0,0.0,0.0,0.0,0.0,0.0,0.0,0.0,0.0,0.0,0.0,0.0,0.0,0.0,0.0,0.0,0.0,0.0,0.0,0.0,0.0,0.0,0.0,0.0,0.0,0.0,0.0,0.0,0.0,0.0,0.0,0.0,0.0,0.0,0.0,0.0,0.0,0.0,0.0,0.0,0.0,0.0,0.0,0.0,0.0,0.0,0.0,0.0,0.0,0.0,0.0,0.0,0.0,0.0,0.0,0.0,0.0,0.0,0.0,0.0,0.0,0.0,0.0,0.0,0.0,0.0,0.0,0.0,0.0,0.0,0.0,0.0,0.0,0.0,0.0,0.0,0.0,0.0,0.0,0.0,0.0,0.0,0.0,0.0,0.0,0.0,0.0,0.0,0.0,0.0,0.0,0.0,0.0,0.0,0.0,0.0,0.0,0.0,0.0,0.0,0.0,0.0,0.0,0.0,0.0,0.0,0.0,0.0,0.0,0.0,0.0,0.0,0.0,,,,,,,,,,,,,,,,,,,,,,,,,,,,,,,,,,
29,MO,64436,2,70.0,30.0,30.0,0.0,50.0,140.0,40.0,0.0,0.0,0.0,0.0,0.0,0.0,20.0,2744.0,70.0,2801.0,60.0,2188.0,30.0,10.0,0.0,0.0,0.0,0.0,0.0,0.0,30.0,360.0,0.0,0.0,0.0,0.0,60.0,981.0,0.0,0.0,0.0,50.0,434.0,20.0,110.0,20.0,57.0,0.0,0.0,0.0,0.0,0.0,0.0,0.0,0.0,0.0,0.0,0.0,0.0,0.0,0.0,0.0,0.0,0.0,0.0,0.0,0.0,0.0,0.0,0.0,0.0,0.0,0.0,0.0,0.0,0.0,70.0,1433.0,70.0,170.0,0.0,0.0,0.0,0.0,50.0,32.0,0.0,0.0,0.0,0.0,0.0,0.0,30.0,8.0,30.0,39.0,0.0,0.0,0.0,0.0,0.0,0.0,0.0,0.0,0.0,0.0,70.0,345.0,0.0,0.0,0.0,0.0,0.0,0.0,0.0,0.0,0.0,0.0,60.0,143.0,60.0,176.0,0.0,0.0,0.0,0.0,0.0,0.0,60.0,191.0,,,,,,,,,,,,,,,,,,,,,,,,,,,,,,,,,,,,,,,,,,,,,,,,,,
13,GA,31011,4,0.0,0.0,0.0,0.0,0.0,0.0,,0.0,0.0,0.0,0.0,,0.0,0.0,0.0,0.0,0.0,0.0,0.0,0.0,0.0,0.0,0.0,0.0,0.0,0.0,0.0,0.0,0.0,0.0,0.0,0.0,0.0,0.0,0.0,0.0,0.0,0.0,0.0,0.0,0.0,0.0,0.0,0.0,0.0,0.0,0.0,0.0,0.0,0.0,0.0,0.0,0.0,0.0,,,,,0.0,0.0,0.0,0.0,0.0,0.0,0.0,0.0,0.0,0.0,0.0,0.0,0.0,0.0,0.0,0.0,0.0,0.0,0.0,0.0,0.0,0.0,0.0,0.0,0.0,0.0,0.0,0.0,0.0,0.0,0.0,0.0,0.0,,,0.0,0.0,0.0,0.0,0.0,0.0,0.0,0.0,,,0.0,0.0,0.0,0.0,0.0,0.0,0.0,0.0,0.0,0.0,0.0,0.0,0.0,0.0,0.0,0.0,0.0,0.0,0.0,0.0,0.0,0.0,0.0,0.0,0.0,0.0,0.0,0.0,0.0,0.0,0.0,0.0,0.0,0.0,0.0,0.0,,,,,0.0,0.0,0.0,0.0,0.0,0.0,0.0,0.0,0.0,,,0.0,0.0,0.0,0.0,0.0,0.0,0.0,0.0,0.0,0.0,0.0,0.0,0.0,0.0,0.0,0.0,0.0,0.0,0.0,0.0,0.0,0.0,0.0
27,MN,56364,3,410.0,150.0,220.0,40.0,310.0,900.0,,0.0,0.0,0.0,0.0,,30.0,100.0,25441.0,410.0,26006.0,350.0,18889.0,170.0,420.0,70.0,190.0,60.0,145.0,0.0,0.0,80.0,1458.0,90.0,860.0,40.0,669.0,70.0,1421.0,80.0,140.0,1467.0,80.0,1184.0,30.0,304.0,240.0,565.0,0.0,0.0,0.0,0.0,40.0,242.0,40.0,268.0,30.0,14.0,,,,,40.0,1101.0,2671.0,30.0,118.0,0.0,0.0,30.0,62.0,40.0,199.0,20.0,145.0,30.0,80.0,400.0,16850.0,400.0,1955.0,0.0,0.0,0.0,0.0,180.0,418.0,0.0,0.0,20.0,13.0,0.0,0.0,40.0,9.0,,,0.0,0.0,70.0,305.0,0.0,0.0,20.0,126.0,,,400.0,2473.0,0.0,0.0,0.0,0.0,50.0,98.0,30.0,22.0,0.0,0.0,350.0,1536.0,370.0,1847.0,0.0,0.0,0.0,0.0,90.0,234.0,290.0,792.0,30.0,595.0,20.0,5.0,0.0,0.0,0.0,0.0,0.0,0.0,0.0,0.0,,,,,390.0,0.0,230.0,0.0,0.0,310.0,859.0,30.0,83.0,,,390.0,7725.0,390.0,7597.0,60.0,128.0,40.0,196.0,90.0,347.0,140.0,372.0,0.0,180.0,49.0,0.0,0.0,50.0,56.0,380.0,815.0,360.0,470.0
54,WV,26662,5,70.0,0.0,70.0,0.0,50.0,210.0,70.0,0.0,0.0,0.0,0.0,0.0,0.0,20.0,9695.0,70.0,9695.0,60.0,7201.0,30.0,9.0,0.0,0.0,0.0,0.0,0.0,0.0,0.0,0.0,0.0,0.0,0.0,0.0,20.0,826.0,0.0,0.0,0.0,0.0,0.0,0.0,0.0,0.0,0.0,0.0,0.0,0.0,0.0,0.0,0.0,0.0,0.0,0.0,0.0,0.0,0.0,0.0,0.0,70.0,1273.0,7974.0,60.0,419.0,0.0,0.0,50.0,61.0,60.0,511.0,50.0,288.0,40.0,136.0,70.0,7590.0,70.0,1313.0,0.0,0.0,0.0,0.0,30.0,52.0,0.0,0.0,0.0,0.0,0.0,0.0,0.0,0.0,0.0,0.0,0.0,0.0,0.0,0.0,0.0,0.0,0.0,0.0,0.0,0.0,70.0,1475.0,0.0,0.0,0.0,0.0,0.0,0.0,0.0,0.0,0.0,0.0,70.0,1261.0,70.0,1334.0,0.0,0.0,0.0,0.0,0.0,0.0,50.0,220.0,,,,,,,,,,,,,,,,,,,,,,,,,,,,,,,,,,,,,,,,,,,,,,,,,,
1,AL,36535,5,880.0,90.0,780.0,0.0,550.0,2150.0,500.0,0.0,0.0,0.0,0.0,0.0,50.0,420.0,111648.0,880.0,112676.0,670.0,63833.0,480.0,779.0,300.0,1858.0,270.0,1364.0,300.0,305.0,160.0,1708.0,300.0,3994.0,240.0,7263.0,420.0,19112.0,30.0,0.0,0.0,360.0,8530.0,130.0,3286.0,300.0,1028.0,60.0,17.0,0.0,0.0,50.0,397.0,30.0,173.0,100.0,104.0,0.0,0.0,0.0,0.0,470.0,10477.0,61049.0,380.0,1783.0,90.0,199.0,430.0,484.0,470.0,2563.0,380.0,2857.0,420.0,2592.0,880.0,87256.0,870.0,14476.0,0.0,0.0,0.0,0.0,320.0,399.0,80.0,27.0,70.0,40.0,50.0,71.0,0.0,0.0,160.0,223.0,30.0,13.0,120.0,319.0,0.0,0.0,0.0,0.0,0.0,0.0,870.0,14088.0,0.0,0.0,0.0,0.0,0.0,0.0,50.0,43.0,0.0,0.0,870.0,14077.0,870.0,14547.0,0.0,0.0,0.0,0.0,420.0,2173.0,410.0,1552.0,,,,,,,,,,,,,,,,,,,,,,,,,,,,,,,,,,,,,,,,,,,,,,,,,,
53,WA,98240,5,250.0,30.0,220.0,0.0,140.0,700.0,230.0,0.0,0.0,0.0,0.0,,0.0,70.0,33455.0,250.0,33972.0,230.0,25822.0,140.0,147.0,70.0,272.0,60.0,103.0,0.0,0.0,50.0,1036.0,60.0,806.0,40.0,1518.0,80.0,2528.0,0.0,20.0,95.0,60.0,1264.0,30.0,933.0,80.0,517.0,0.0,0.0,0.0,0.0,30.0,257.0,0.0,0.0,0.0,0.0,0.0,0.0,0.0,0.0,170.0,3943.0,22896.0,0.0,0.0,140.0,475.0,160.0,652.0,170.0,1207.0,150.0,1715.0,130.0,463.0,250.0,25641.0,250.0,4350.0,0.0,0.0,0.0,0.0,100.0,244.0,40.0,168.0,0.0,0.0,20.0,26.0,0.0,0.0,50.0,75.0,0.0,0.0,40.0,213.0,0.0,0.0,0.0,0.0,0.0,0.0,250.0,4471.0,0.0,0.0,0.0,0.0,0.0,0.0,0.0,0.0,0.0,0.0,250.0,4106.0,250.0,4287.0,0.0,0.0,0.0,0.0,100.0,411.0,160.0,700.0,30.0,202.0,50.0,24.0,0.0,0.0,40.0,4.0,0.0,0.0,0.0,0.0,40.0,294.0,,,220.0,0.0,130.0,0.0,0.0,150.0,584.0,0.0,0.0,,,,,,,,,,,,,,,,,,,,,,,,,
39,OH,45216,3,490.0,180.0,200.0,90.0,220.0,1050.0,360.0,0.0,0.0,0.0,0.0,0.0,80.0,120.0,30037.0,490.0,30260.0,460.0,25308.0,90.0,37.0,70.0,270.0,70.0,225.0,90.0,26.0,50.0,442.0,50.0,303.0,40.0,435.0,110.0,2223.0,0.0,40.0,165.0,70.0,922.0,40.0,116.0,120.0,223.0,40.0,9.0,0.0,0.0,0.0,0.0,0.0,0.0,60.0,72.0,0.0,0.0,0.0,0.0,160.0,2071.0,9649.0,150.0,425.0,0.0,0.0,140.0,287.0,160.0,737.0,130.0,510.0,120.0,364.0,490.0,20411.0,490.0,2911.0,0.0,0.0,0.0,0.0,180.0,268.0,0.0,0.0,20.0,12.0,40.0,52.0,30.0,6.0,130.0,191.0,30.0,5.0,30.0,86.0,0.0,0.0,0.0,0.0,0.0,0.0,490.0,3595.0,0.0,0.0,0.0,0.0,20.0,37.0,50.0,44.0,0.0,0.0,470.0,2643.0,480.0,2768.0,0.0,0.0,0.0,0.0,100.0,206.0,390.0,1030.0,,,,,,,,,,,,,,,,,,,,,,,,,,,,,,,,,,,,,,,,,,,,,,,,,,
12,FL,33991,2,3240.0,1650.0,810.0,650.0,1570.0,5660.0,,90.0,60.0,30.0,0.0,,500.0,780.0,118195.0,3240.0,119786.0,2580.0,85960.0,630.0,688.0,420.0,1097.0,370.0,655.0,0.0,0.0,580.0,5615.0,380.0,874.0,260.0,3734.0,600.0,10595.0,0.0,510.0,5775.0,640.0,5148.0,190.0,1589.0,1310.0,1591.0,70.0,16.0,0.0,0.0,50.0,248.0,70.0,299.0,210.0,128.0,,,,,140.0,3140.0,5218.0,0.0,0.0,110.0,140.0,110.0,449.0,140.0,593.0,90.0,795.0,90.0,269.0,3190.0,61062.0,3160.0,6640.0,0.0,0.0,170.0,115.0,1430.0,1647.0,100.0,8.0,130.0,71.0,190.0,194.0,420.0,88.0,,,60.0,52.0,420.0,1159.0,400.0,4886.0,410.0,5030.0,,,3120.0,12892.0,760.0,1708.0,620.0,1336.0,660.0,1152.0,130.0,108.0,100.0,86.0,2400.0,4993.0,2620.0,6197.0,0.0,0.0,0.0,0.0,510.0,939.0,2670.0,7530.0,80.0,1336.0,40.0,23.0,0.0,0.0,0.0,0.0,70.0,136.0,0.0,0.0,,,,,3060.0,90.0,2530.0,0.0,0.0,2700.0,7627.0,50.0,132.0,,,3100.0,53319.0,3100.0,52216.0,560.0,1103.0,140.0,593.0,480.0,909.0,960.0,1232.0,40.0,790.0,200.0,60.0,93.0,470.0,699.0,2940.0,5147.0,2770.0,2812.0
41,OR,97844,4,180.0,40.0,140.0,0.0,100.0,480.0,,0.0,0.0,0.0,0.0,,30.0,60.0,15792.0,180.0,15849.0,160.0,12537.0,50.0,25.0,0.0,0.0,0.0,0.0,0.0,0.0,0.0,0.0,20.0,11.0,0.0,0.0,60.0,1513.0,40.0,30.0,289.0,50.0,897.0,0.0,0.0,60.0,57.0,0.0,0.0,0.0,0.0,0.0,0.0,0.0,0.0,0.0,0.0,,,,,0.0,0.0,0.0,0.0,0.0,0.0,0.0,0.0,0.0,0.0,0.0,0.0,0.0,0.0,0.0,180.0,11444.0,180.0,1405.0,0.0,0.0,0.0,0.0,80.0,271.0,0.0,0.0,0.0,0.0,0.0,0.0,0.0,0.0,,,0.0,0.0,0.0,0.0,0.0,0.0,0.0,0.0,,,180.0,1466.0,0.0,0.0,0.0,0.0,0.0,0.0,0.0,0.0,0.0,0.0,180.0,1134.0,180.0,1178.0,0.0,0.0,0.0,0.0,60.0,99.0,130.0,387.0,0.0,0.0,0.0,0.0,0.0,0.0,0.0,0.0,0.0,0.0,0.0,0.0,,,,,170.0,0.0,120.0,0.0,0.0,130.0,387.0,0.0,0.0,,,170.0,3913.0,170.0,3848.0,30.0,65.0,0.0,0.0,0.0,0.0,80.0,253.0,0.0,40.0,11.0,0.0,0.0,30.0,47.0,160.0,407.0,150.0,230.0
17,IL,60403,3,1540.0,740.0,500.0,250.0,800.0,2890.0,,0.0,0.0,0.0,0.0,,220.0,480.0,94789.0,1540.0,95452.0,1260.0,70649.0,440.0,465.0,270.0,742.0,260.0,447.0,70.0,23.0,160.0,625.0,240.0,580.0,240.0,3603.0,430.0,10978.0,0.0,90.0,632.0,370.0,6174.0,50.0,707.0,340.0,663.0,40.0,9.0,0.0,0.0,0.0,0.0,30.0,151.0,190.0,243.0,,,,,190.0,4130.0,11904.0,150.0,442.0,40.0,90.0,170.0,1151.0,190.0,1360.0,150.0,986.0,150.0,696.0,1540.0,65943.0,1540.0,8050.0,0.0,0.0,0.0,0.0,640.0,1313.0,90.0,4.0,70.0,40.0,80.0,112.0,80.0,12.0,,,40.0,22.0,100.0,213.0,0.0,0.0,30.0,220.0,,,1520.0,9838.0,0.0,0.0,0.0,0.0,150.0,202.0,60.0,58.0,0.0,0.0,1410.0,6736.0,1430.0,7004.0,0.0,0.0,0.0,0.0,290.0,479.0,1220.0,3275.0,70.0,927.0,40.0,19.0,0.0,0.0,0.0,0.0,,,0.0,0.0,,,,,1380.0,100.0,1140.0,30.0,1036.0,1240.0,3309.0,40.0,82.0,,,1350.0,24422.0,1350.0,23799.0,320.0,623.0,190.0,1339.0,180.0,315.0,490.0,1123.0,,,,,,,,,,,
1,AL,36311,3,140.0,40.0,80.0,20.0,90.0,320.0,100.0,0.0,0.0,0.0,0.0,,20.0,40.0,8277.0,140.0,8348.0,120.0,6526.0,30.0,8.0,30.0,69.0,0.0,0.0,0.0,0.0,0.0,0.0,0.0,0.0,0.0,0.0,30.0,780.0,30.0,0.0,0.0,40.0,463.0,0.0,0.0,30.0,71.0,20.0,5.0,0.0,0.0,0.0,0.0,0.0,0.0,0.0,0.0,0.0,0.0,0.0,0.0,40.0,582.0,2267.0,30.0,65.0,0.0,0.0,0.0,0.0,40.0,99.0,0.0,0.0,30.0,134.0,140.0,5310.0,140.0,716.0,0.0,0.0,0.0,0.0,50.0,88.0,0.0,0.0,30.0,16.0,0.0,0.0,0.0,0.0,40.0,66.0,0.0,0.0,0.0,0.0,0.0,0.0,0.0,0.0,0.0,0.0,130.0,878.0,0.0,0.0,0.0,0.0,0.0,0.0,0.0,0.0,0.0,0.0,130.0,628.0,130.0,671.0,0.0,0.0,0.0,0.0,30.0,81.0,100.0,282.0,0.0,0.0,20.0,5.0,0.0,0.0,0.0,0.0,0.0,0.0,0.0,0.0,0.0,0.0,,,120.0,0.0,90.0,0.0,0.0,100.0,288.0,0.0,0.0,,,,,,,,,,,,,,,,,,,,,,,,,
37,NC,27521,2,840.0,390.0,240.0,180.0,390.0,1630.0,,40.0,40.0,0.0,0.0,,180.0,150.0,30554.0,840.0,30853.0,720.0,24608.0,150.0,82.0,40.0,79.0,40.0,64.0,0.0,0.0,120.0,1525.0,40.0,100.0,40.0,366.0,120.0,2218.0,0.0,90.0,972.0,130.0,943.0,0.0,0.0,280.0,299.0,0.0,0.0,0.0,0.0,0.0,0.0,0.0,0.0,50.0,32.0,,,,,0.0,0.0,0.0,0.0,0.0,0.0,0.0,0.0,0.0,0.0,0.0,0.0,0.0,0.0,0.0,830.0,15548.0,830.0,1693.0,0.0,0.0,40.0,34.0,400.0,478.0,0.0,0.0,40.0,17.0,40.0,44.0,140.0,25.0,,,20.0,16.0,80.0,263.0,50.0,613.0,50.0,618.0,,,830.0,3378.0,250.0,522.0,210.0,437.0,220.0,439.0,20.0,22.0,40.0,32.0,580.0,1215.0,640.0,1487.0,0.0,0.0,0.0,0.0,110.0,146.0,710.0,2031.0,40.0,674.0,0.0,0.0,0.0,0.0,0.0,0.0,0.0,0.0,0.0,0.0,,,,,780.0,0.0,640.0,0.0,0.0,720.0,2036.0,20.0,27.0,,,820.0,14361.0,820.0,14169.0,100.0,192.0,0.0,0.0,90.0,165.0,300.0,382.0,30.0,180.0,47.0,0.0,0.0,110.0,185.0,710.0,1300.0,690.0,739.0
41,OR,97813,2,160.0,70.0,60.0,50.0,90.0,330.0,120.0,0.0,0.0,0.0,0.0,0.0,50.0,40.0,5900.0,160.0,5969.0,140.0,4697.0,30.0,22.0,0.0,0.0,0.0,0.0,20.0,16.0,30.0,10.0,30.0,42.0,0.0,0.0,30.0,529.0,0.0,40.0,192.0,40.0,244.0,0.0,0.0,40.0,69.0,20.0,5.0,0.0,0.0,0.0,0.0,0.0,0.0,40.0,37.0,0.0,0.0,30.0,66.0,40.0,566.0,1334.0,30.0,67.0,0.0,0.0,40.0,81.0,40.0,157.0,0.0,0.0,30.0,83.0,160.0,2893.0,150.0,346.0,0.0,0.0,0.0,0.0,70.0,64.0,0.0,0.0,30.0,12.0,0.0,0.0,50.0,8.0,50.0,42.0,0.0,0.0,0.0,0.0,0.0,0.0,0.0,0.0,0.0,0.0,160.0,662.0,50.0,100.0,40.0,94.0,40.0,58.0,30.0,28.0,0.0,0.0,120.0,282.0,130.0,304.0,0.0,0.0,0.0,0.0,0.0,0.0,140.0,389.0,40.0,392.0,0.0,0.0,0.0,0.0,0.0,0.0,0.0,0.0,0.0,0.0,0.0,0.0,0.0,0.0,,,,,,,,,,,,,,,,,,,,,,,,,,,,,,,,,,
24,MD,21012,4,1110.0,450.0,480.0,140.0,510.0,2290.0,,0.0,0.0,0.0,0.0,,100.0,390.0,96678.0,1110.0,97657.0,910.0,70045.0,670.0,625.0,360.0,1540.0,330.0,1150.0,220.0,265.0,200.0,2343.0,320.0,1640.0,220.0,3814.0,320.0,11437.0,0.0,0.0,0.0,260.0,5428.0,70.0,802.0,330.0,979.0,60.0,16.0,0.0,0.0,40.0,216.0,30.0,135.0,100.0,102.0,,,,,440.0,10749.0,38683.0,420.0,2253.0,0.0,0.0,420.0,1599.0,440.0,3648.0,390.0,4157.0,350.0,1288.0,1110.0,72148.0,1100.0,9803.0,0.0,0.0,20.0,75.0,530.0,1288.0,130.0,9.0,80.0,50.0,70.0,74.0,0.0,0.0,,,30.0,23.0,150.0,446.0,0.0,0.0,30.0,149.0,,,1100.0,10925.0,0.0,0.0,0.0,0.0,20.0,44.0,40.0,32.0,0.0,0.0,1080.0,8515.0,1080.0,8990.0,0.0,0.0,0.0,0.0,310.0,709.0,770.0,2541.0,90.0,1189.0,40.0,19.0,0.0,0.0,40.0,16.0,,,0.0,0.0,,,,,990.0,40.0,680.0,0.0,0.0,800.0,2635.0,40.0,94.0,,,670.0,13161.0,670.0,12803.0,190.0,357.0,440.0,3618.0,260.0,575.0,400.0,1097.0,,,,,,,,,,,
16,ID,83241,5,120.0,0.0,110.0,0.0,90.0,380.0,160.0,0.0,0.0,0.0,0.0,,0.0,40.0,16440.0,120.0,16675.0,100.0,10772.0,60.0,108.0,30.0,262.0,20.0,222.0,30.0,29.0,20.0,74.0,30.0,806.0,,,,,0.0,0.0,0.0,30.0,783.0,20.0,513.0,40.0,235.0,0.0,0.0,0.0,0.0,0.0,0.0,0.0,0.0,0.0,0.0,,,,,20.0,645.0,3341.0,20.0,143.0,0.0,0.0,20.0,59.0,20.0,196.0,0.0,0.0,20.0,253.0,120.0,13297.0,120.0,1954.0,0.0,0.0,0.0,0.0,70.0,270.0,0.0,0.0,0.0,0.0,0.0,0.0,0.0,0.0,,,0.0,0.0,0.0,0.0,0.0,0.0,0.0,0.0,0.0,0.0,110.0,1740.0,0.0,0.0,0.0,0.0,0.0,0.0,0.0,0.0,0.0,0.0,110.0,1679.0,110.0,1837.0,0.0,0.0,0.0,0.0,50.0,203.0,60.0,239.0,0.0,0.0,0.0,0.0,0.0,0.0,0.0,0.0,,,0.0,0.0,,,,,110.0,0.0,50.0,0.0,0.0,70.0,244.0,0.0,0.0,50.0,2142.0,90.0,2161.0,90.0,2113.0,20.0,43.0,20.0,181.0,30.0,193.0,60.0,238.0,,,,,,,,,,,
6,CA,93309,3,3380.0,1250.0,1470.0,610.0,2190.0,7810.0,2950.0,60.0,60.0,0.0,0.0,0.0,510.0,840.0,206820.0,3380.0,208454.0,2890.0,162443.0,1180.0,648.0,400.0,1600.0,360.0,1220.0,890.0,886.0,380.0,3324.0,360.0,789.0,330.0,4352.0,800.0,21743.0,0.0,300.0,1531.0,630.0,9231.0,90.0,623.0,800.0,1634.0,150.0,38.0,0.0,0.0,50.0,202.0,50.0,170.0,380.0,405.0,60.0,97.0,0.0,0.0,1440.0,26380.0,89534.0,1160.0,2985.0,260.0,459.0,1110.0,2514.0,1440.0,6641.0,1010.0,6381.0,1190.0,3417.0,3360.0,129635.0,3350.0,18151.0,20.0,29.0,60.0,102.0,1510.0,2379.0,90.0,4.0,220.0,132.0,310.0,323.0,190.0,30.0,1080.0,1744.0,110.0,128.0,230.0,611.0,60.0,202.0,70.0,333.0,150.0,98.0,3310.0,21107.0,20.0,8.0,20.0,8.0,220.0,296.0,250.0,185.0,0.0,0.0,3130.0,15772.0,3160.0,16633.0,0.0,0.0,0.0,0.0,910.0,2008.0,2410.0,6343.0,,,,,,,,,,,,,,,,,,,,,,,,,,,,,,,,,,,,,,,,,,,,,,,,,,
4,AZ,85743,2,3030.0,1750.0,730.0,490.0,1090.0,5090.0,,80.0,40.0,40.0,0.0,,480.0,880.0,110836.0,3030.0,112031.0,2380.0,80112.0,660.0,728.0,440.0,1442.0,410.0,854.0,40.0,21.0,330.0,2318.0,420.0,884.0,320.0,4036.0,710.0,13288.0,30.0,390.0,4321.0,710.0,5706.0,70.0,5.0,1200.0,1195.0,70.0,16.0,0.0,0.0,40.0,124.0,60.0,238.0,200.0,124.0,,,,,110.0,2690.0,4300.0,70.0,86.0,50.0,79.0,100.0,331.0,110.0,498.0,90.0,667.0,90.0,254.0,2980.0,58706.0,2950.0,6264.0,0.0,0.0,40.0,28.0,1240.0,1336.0,120.0,5.0,100.0,43.0,180.0,178.0,460.0,93.0,,,70.0,59.0,220.0,547.0,80.0,445.0,80.0,441.0,,,2920.0,11550.0,560.0,1313.0,500.0,1163.0,530.0,1013.0,120.0,96.0,50.0,59.0,2340.0,4928.0,2450.0,5537.0,0.0,0.0,0.0,0.0,510.0,628.0,2460.0,6529.0,80.0,1202.0,70.0,40.0,0.0,0.0,0.0,0.0,0.0,0.0,0.0,0.0,,,,,2810.0,100.0,2320.0,0.0,0.0,2480.0,6636.0,40.0,107.0,,,2920.0,49174.0,2920.0,47908.0,630.0,1267.0,110.0,491.0,330.0,439.0,730.0,964.0,40.0,830.0,203.0,0.0,0.0,440.0,585.0,2760.0,4706.0,2630.0,2571.0
48,TX,78931,3,20.0,0.0,0.0,0.0,0.0,60.0,0.0,0.0,0.0,0.0,0.0,0.0,0.0,20.0,1319.0,20.0,1319.0,0.0,0.0,0.0,0.0,40.0,165.0,40.0,152.0,0.0,0.0,0.0,0.0,30.0,61.0,0.0,0.0,0.0,0.0,40.0,0.0,0.0,0.0,0.0,0.0,0.0,0.0,0.0,0.0,0.0,0.0,0.0,0.0,0.0,0.0,0.0,0.0,0.0,0.0,0.0,0.0,0.0,30.0,583.0,2444.0,0.0,0.0,0.0,0.0,0.0,0.0,30.0,104.0,0.0,0.0,0.0,0.0,20.0,788.0,20.0,101.0,0.0,0.0,0.0,0.0,0.0,0.0,0.0,0.0,0.0,0.0,0.0,0.0,0.0,0.0,20.0,34.0,0.0,0.0,0.0,0.0,0.0,0.0,0.0,0.0,0.0,0.0,20.0,113.0,0.0,0.0,0.0,0.0,0.0,0.0,0.0,0.0,0.0,0.0,20.0,82.0,20.0,94.0,0.0,0.0,0.0,0.0,0.0,0.0,0.0,0.0,0.0,0.0,0.0,0.0,0.0,0.0,0.0,0.0,0.0,0.0,0.0,0.0,0.0,0.0,0.0,0.0,,,,,,,,,,,,,,,,,,,,,,,,,,,,,,,,,,
8,CO,80246,3,1090.0,800.0,210.0,70.0,390.0,1630.0,330.0,0.0,0.0,0.0,0.0,0.0,140.0,140.0,65904.0,1090.0,67112.0,1000.0,56957.0,230.0,281.0,190.0,889.0,180.0,564.0,110.0,68.0,140.0,1999.0,180.0,511.0,80.0,1066.0,130.0,2898.0,0.0,40.0,188.0,90.0,1131.0,50.0,733.0,500.0,1208.0,40.0,9.0,0.0,0.0,40.0,200.0,50.0,170.0,340.0,433.0,40.0,75.0,0.0,0.0,250.0,4265.0,15491.0,220.0,576.0,20.0,30.0,170.0,301.0,250.0,957.0,140.0,1070.0,180.0,423.0,1080.0,48730.0,1080.0,7517.0,0.0,0.0,0.0,0.0,250.0,291.0,50.0,3.0,50.0,25.0,60.0,77.0,30.0,4.0,120.0,170.0,0.0,0.0,110.0,312.0,0.0,0.0,0.0,0.0,50.0,30.0,1070.0,8680.0,0.0,0.0,0.0,0.0,30.0,64.0,40.0,32.0,0.0,0.0,1050.0,7226.0,1060.0,7617.0,0.0,0.0,0.0,0.0,260.0,598.0,810.0,1593.0,,,,,,,,,,,,,,,,,,,,,,,,,,,,,,,,,,,,,,,,,,,,,,,,,,
51,VA,0,6,321510.0,27630.0,281890.0,5220.0,183130.0,923560.0,,0.0,0.0,0.0,0.0,,4710.0,96190.0,141865007.0,321510.0,143655423.0,289840.0,81514998.0,243180.0,1203115.0,210680.0,4589520.0,202990.0,3753552.0,14420.0,30886.0,69040.0,3914684.0,201740.0,16893255.0,43050.0,2293794.0,93700.0,6328634.0,1090.0,14170.0,151060.0,50850.0,1579589.0,74700.0,19027825.0,160130.0,1790416.0,8880.0,2248.0,17720.0,693276.0,24040.0,354492.0,2300.0,21561.0,0.0,0.0,,,,,177900.0,8467130.0,91250802.0,166850.0,4531724.0,9000.0,19330.0,170000.0,1488974.0,177900.0,1783122.0,159530.0,2879682.0,158470.0,2958236.0,321410.0,126789172.0,321270.0,29596744.0,1290.0,17801.0,0.0,0.0,210650.0,759210.0,97920.0,196453.0,33470.0,17614.0,0.0,0.0,0.0,0.0,,,9120.0,15327.0,61520.0,681376.0,0.0,0.0,0.0,0.0,,,319710.0,29355525.0,0.0,0.0,0.0,0.0,0.0,0.0,0.0,0.0,0.0,0.0,321110.0,28783113.0,321370.0,30550320.0,162700.0,292970.0,176080.0,606362.0,177610.0,3605365.0,107370.0,1049060.0,6130.0,202326.0,128940.0,148772.0,2020.0,21524.0,17790.0,19820.0,0.0,0.0,13370.0,164074.0,,,,,300190.0,2930.0,101060.0,4290.0,64971.0,139340.0,2486329.0,35640.0,1343466.0,,,140480.0,3416834.0,140470.0,3341868.0,33100.0,70925.0,177210.0,1760648.0,145680.0,2643088.0,130190.0,382539.0,6840.0,91070.0,24829.0,250.0,898.0,1450.0,632.0,80360.0,125452.0,38540.0,40337.0
51,VA,23437,5,240.0,0.0,220.0,0.0,120.0,640.0,180.0,0.0,0.0,0.0,0.0,0.0,20.0,80.0,31684.0,240.0,32110.0,240.0,26291.0,120.0,68.0,80.0,167.0,80.0,116.0,170.0,148.0,50.0,1193.0,60.0,678.0,30.0,410.0,100.0,3438.0,20.0,0.0,0.0,50.0,999.0,30.0,682.0,90.0,426.0,0.0,0.0,0.0,0.0,0.0,0.0,0.0,0.0,30.0,33.0,0.0,0.0,0.0,0.0,220.0,5645.0,29327.0,220.0,1352.0,0.0,0.0,220.0,749.0,220.0,2277.0,200.0,1882.0,200.0,969.0,240.0,23244.0,240.0,3870.0,0.0,0.0,0.0,0.0,110.0,119.0,0.0,0.0,30.0,15.0,30.0,39.0,0.0,0.0,40.0,54.0,0.0,0.0,40.0,179.0,0.0,0.0,0.0,0.0,0.0,0.0,240.0,4077.0,0.0,0.0,0.0,0.0,0.0,0.0,30.0,24.0,0.0,0.0,240.0,3752.0,240.0,3858.0,0.0,0.0,0.0,0.0,110.0,735.0,160.0,595.0,,,,,,,,,,,,,,,,,,,,,,,,,,,,,,,,,,,,,,,,,,,,,,,,,,
17,IL,61545,5,70.0,0.0,60.0,0.0,50.0,170.0,,0.0,0.0,0.0,0.0,,0.0,20.0,12433.0,70.0,12517.0,60.0,6394.0,50.0,65.0,30.0,126.0,30.0,101.0,0.0,0.0,0.0,0.0,30.0,514.0,0.0,0.0,20.0,589.0,0.0,0.0,0.0,0.0,0.0,0.0,0.0,40.0,84.0,0.0,0.0,0.0,0.0,0.0,0.0,0.0,0.0,0.0,0.0,,,,,0.0,0.0,0.0,0.0,0.0,0.0,0.0,0.0,0.0,0.0,0.0,0.0,0.0,0.0,0.0,70.0,9656.0,70.0,1536.0,0.0,0.0,0.0,0.0,40.0,80.0,0.0,0.0,0.0,0.0,0.0,0.0,0.0,0.0,,,0.0,0.0,0.0,0.0,0.0,0.0,0.0,0.0,,,70.0,1461.0,0.0,0.0,0.0,0.0,0.0,0.0,0.0,0.0,0.0,0.0,70.0,1456.0,70.0,1619.0,0.0,0.0,0.0,0.0,0.0,0.0,40.0,155.0,0.0,0.0,0.0,0.0,0.0,0.0,0.0,0.0,0.0,0.0,0.0,0.0,,,,,60.0,0.0,40.0,0.0,0.0,50.0,209.0,0.0,0.0,,,60.0,1362.0,60.0,1333.0,0.0,0.0,0.0,0.0,20.0,372.0,30.0,75.0,0.0,20.0,7.0,0.0,0.0,0.0,0.0,50.0,120.0,40.0,62.0
20,KS,66842,3,30.0,0.0,0.0,0.0,40.0,70.0,0.0,0.0,0.0,0.0,0.0,0.0,0.0,20.0,1764.0,30.0,1764.0,20.0,946.0,0.0,0.0,0.0,0.0,0.0,0.0,0.0,0.0,0.0,0.0,0.0,0.0,0.0,0.0,0.0,0.0,0.0,0.0,0.0,0.0,0.0,0.0,0.0,0.0,0.0,0.0,0.0,0.0,0.0,0.0,0.0,0.0,0.0,0.0,0.0,0.0,0.0,0.0,0.0,0.0,0.0,0.0,0.0,0.0,0.0,0.0,0.0,0.0,0.0,0.0,0.0,0.0,0.0,0.0,30.0,1181.0,30.0,162.0,0.0,0.0,0.0,0.0,0.0,0.0,0.0,0.0,0.0,0.0,0.0,0.0,0.0,0.0,0.0,0.0,0.0,0.0,0.0,0.0,0.0,0.0,0.0,0.0,0.0,0.0,30.0,207.0,0.0,0.0,0.0,0.0,0.0,0.0,0.0,0.0,0.0,0.0,30.0,154.0,30.0,181.0,0.0,0.0,0.0,0.0,0.0,0.0,20.0,51.0,,,,,,,,,,,,,,,,,,,,,,,,,,,,,,,,,,,,,,,,,,,,,,,,,,
19,IA,52641,5,510.0,50.0,460.0,0.0,380.0,1440.0,470.0,0.0,0.0,0.0,0.0,0.0,0.0,200.0,65251.0,510.0,66987.0,440.0,43707.0,380.0,605.0,240.0,2130.0,240.0,1798.0,270.0,297.0,100.0,1427.0,230.0,2586.0,110.0,1970.0,180.0,5317.0,70.0,0.0,0.0,140.0,3195.0,120.0,2634.0,270.0,1736.0,60.0,18.0,0.0,0.0,70.0,601.0,30.0,155.0,100.0,106.0,0.0,0.0,50.0,242.0,380.0,8685.0,50145.0,370.0,2634.0,0.0,0.0,370.0,1137.0,380.0,3979.0,280.0,1470.0,330.0,1869.0,510.0,49131.0,510.0,7813.0,0.0,0.0,0.0,0.0,280.0,376.0,100.0,9.0,40.0,25.0,80.0,126.0,0.0,0.0,110.0,167.0,40.0,43.0,110.0,353.0,0.0,0.0,0.0,0.0,0.0,0.0,510.0,8368.0,0.0,0.0,0.0,0.0,0.0,0.0,80.0,80.0,0.0,0.0,510.0,7437.0,510.0,7840.0,0.0,0.0,0.0,0.0,200.0,937.0,280.0,1232.0,,,,,,,,,,,,,,,,,,,,,,,,,,,,,,,,,,,,,,,,,,,,,,,,,,
6,CA,93640,3,740.0,130.0,480.0,120.0,620.0,2400.0,,0.0,0.0,0.0,0.0,,50.0,100.0,44287.0,740.0,44482.0,710.0,30495.0,160.0,12.0,20.0,54.0,0.0,0.0,0.0,0.0,50.0,1094.0,0.0,0.0,0.0,0.0,40.0,597.0,0.0,470.0,12840.0,70.0,743.0,0.0,0.0,200.0,195.0,40.0,9.0,0.0,0.0,0.0,0.0,0.0,0.0,20.0,9.0,,,,,30.0,954.0,4055.0,30.0,185.0,0.0,0.0,30.0,76.0,40.0,256.0,20.0,139.0,20.0,91.0,740.0,27917.0,740.0,3184.0,0.0,0.0,0.0,0.0,540.0,1587.0,0.0,0.0,40.0,32.0,40.0,54.0,20.0,3.0,,,50.0,155.0,60.0,308.0,0.0,0.0,0.0,0.0,,,720.0,2609.0,60.0,33.0,50.0,28.0,240.0,511.0,30.0,31.0,0.0,0.0,490.0,1598.0,510.0,1775.0,0.0,0.0,0.0,0.0,270.0,530.0,470.0,1360.0,0.0,0.0,40.0,65.0,0.0,0.0,0.0,0.0,0.0,0.0,0.0,0.0,,,,,690.0,40.0,350.0,0.0,0.0,470.0,1360.0,0.0,0.0,,,720.0,15637.0,720.0,15532.0,60.0,105.0,40.0,225.0,40.0,172.0,520.0,1453.0,0.0,140.0,39.0,0.0,0.0,120.0,198.0,640.0,1678.0,660.0,1165.0
19,IA,50046,3,130.0,50.0,70.0,0.0,70.0,280.0,80.0,0.0,0.0,0.0,0.0,0.0,0.0,40.0,7881.0,130.0,7948.0,110.0,6199.0,50.0,9.0,0.0,0.0,0.0,0.0,40.0,26.0,40.0,219.0,20.0,2.0,0.0,0.0,30.0,759.0,0.0,0.0,0.0,30.0,444.0,0.0,0.0,40.0,67.0,0.0,0.0,0.0,0.0,0.0,0.0,0.0,0.0,20.0,28.0,0.0,0.0,0.0,0.0,60.0,841.0,3473.0,50.0,160.0,0.0,0.0,50.0,145.0,60.0,324.0,40.0,224.0,30.0,104.0,130.0,5101.0,130.0,722.0,0.0,0.0,0.0,0.0,50.0,75.0,0.0,0.0,30.0,19.0,0.0,0.0,0.0,0.0,40.0,55.0,0.0,0.0,40.0,57.0,0.0,0.0,0.0,0.0,0.0,0.0,130.0,947.0,0.0,0.0,0.0,0.0,0.0,0.0,40.0,37.0,0.0,0.0,120.0,646.0,120.0,676.0,0.0,0.0,0.0,0.0,20.0,47.0,110.0,297.0,0.0,0.0,40.0,16.0,0.0,0.0,0.0,0.0,30.0,33.0,0.0,0.0,40.0,186.0,0.0,0.0,,,,,,,,,,,,,,,,,,,,,,,,,,,,,,,,,,
18,IN,47974,4,60.0,0.0,50.0,0.0,40.0,160.0,50.0,0.0,0.0,0.0,0.0,0.0,0.0,40.0,5031.0,60.0,5061.0,50.0,3782.0,0.0,0.0,20.0,31.0,0.0,0.0,40.0,11.0,0.0,0.0,20.0,54.0,0.0,0.0,30.0,867.0,0.0,0.0,0.0,20.0,481.0,0.0,0.0,20.0,30.0,0.0,0.0,0.0,0.0,0.0,0.0,0.0,0.0,0.0,0.0,0.0,0.0,0.0,0.0,0.0,0.0,0.0,0.0,0.0,0.0,0.0,0.0,0.0,0.0,0.0,0.0,0.0,0.0,0.0,60.0,3654.0,60.0,524.0,0.0,0.0,0.0,0.0,40.0,66.0,0.0,0.0,0.0,0.0,0.0,0.0,0.0,0.0,30.0,51.0,0.0,0.0,0.0,0.0,0.0,0.0,0.0,0.0,0.0,0.0,60.0,616.0,0.0,0.0,0.0,0.0,0.0,0.0,0.0,0.0,0.0,0.0,60.0,487.0,60.0,522.0,0.0,0.0,0.0,0.0,0.0,0.0,40.0,150.0,,,,,,,,,,,,,,,,,,,,,,,,,,,,,,,,,,,,,,,,,,,,,,,,,,
47,TN,38365,5,20.0,0.0,0.0,0.0,20.0,50.0,0.0,0.0,0.0,0.0,0.0,0.0,0.0,0.0,5092.0,20.0,5092.0,0.0,0.0,0.0,0.0,0.0,0.0,0.0,0.0,0.0,0.0,0.0,0.0,0.0,0.0,0.0,0.0,0.0,0.0,0.0,0.0,0.0,0.0,0.0,0.0,0.0,0.0,0.0,0.0,0.0,0.0,0.0,0.0,0.0,0.0,0.0,0.0,0.0,0.0,0.0,0.0,0.0,0.0,0.0,0.0,0.0,0.0,0.0,0.0,0.0,0.0,0.0,0.0,0.0,0.0,0.0,0.0,20.0,3308.0,20.0,689.0,0.0,0.0,0.0,0.0,0.0,0.0,0.0,0.0,0.0,0.0,0.0,0.0,0.0,0.0,0.0,0.0,0.0,0.0,0.0,0.0,0.0,0.0,0.0,0.0,0.0,0.0,20.0,603.0,0.0,0.0,0.0,0.0,0.0,0.0,0.0,0.0,0.0,0.0,20.0,626.0,20.0,698.0,0.0,0.0,0.0,0.0,0.0,0.0,0.0,0.0,0.0,0.0,0.0,0.0,0.0,0.0,0.0,0.0,0.0,0.0,0.0,0.0,0.0,0.0,0.0,0.0,,,,,,,,,,,,,,,,,,,,,,,,,,,,,,,,,,
26,MI,49638,1,170.0,120.0,40.0,30.0,70.0,220.0,,0.0,0.0,0.0,0.0,,0.0,70.0,1947.0,170.0,1960.0,100.0,862.0,40.0,19.0,30.0,30.0,20.0,12.0,0.0,0.0,0.0,0.0,0.0,0.0,30.0,181.0,50.0,446.0,0.0,50.0,601.0,20.0,40.0,0.0,0.0,30.0,13.0,0.0,0.0,0.0,0.0,0.0,0.0,0.0,0.0,0.0,0.0,,,,,0.0,0.0,0.0,0.0,0.0,0.0,0.0,0.0,0.0,0.0,0.0,0.0,0.0,0.0,0.0,60.0,357.0,60.0,36.0,0.0,0.0,0.0,0.0,0.0,0.0,0.0,0.0,0.0,0.0,0.0,0.0,0.0,0.0,,,0.0,0.0,30.0,31.0,0.0,0.0,0.0,0.0,,,130.0,258.0,40.0,47.0,30.0,39.0,0.0,0.0,0.0,0.0,0.0,0.0,50.0,30.0,50.0,45.0,0.0,0.0,0.0,0.0,0.0,0.0,120.0,216.0,0.0,0.0,0.0,0.0,0.0,0.0,0.0,0.0,0.0,0.0,0.0,0.0,,,,,150.0,0.0,100.0,0.0,0.0,120.0,217.0,0.0,0.0,,,170.0,2553.0,170.0,2442.0,60.0,112.0,0.0,0.0,0.0,0.0,0.0,0.0,0.0,0.0,0.0,0.0,0.0,30.0,37.0,130.0,215.0,120.0,105.0
28,MS,38751,6,90.0,0.0,70.0,0.0,80.0,230.0,,0.0,0.0,0.0,0.0,,0.0,40.0,54616.0,90.0,55150.0,80.0,13327.0,80.0,597.0,60.0,3304.0,60.0,2768.0,0.0,0.0,40.0,1472.0,70.0,16575.0,0.0,0.0,20.0,1163.0,0.0,0.0,0.0,30.0,964.0,70.0,15708.0,70.0,534.0,0.0,0.0,0.0,0.0,20.0,242.0,0.0,0.0,0.0,0.0,,,,,50.0,3641.0,28462.0,50.0,1233.0,0.0,0.0,40.0,203.0,50.0,475.0,20.0,183.0,50.0,2826.0,90.0,47110.0,90.0,10543.0,0.0,0.0,0.0,0.0,50.0,285.0,30.0,10.0,0.0,0.0,0.0,0.0,0.0,0.0,,,0.0,0.0,40.0,296.0,0.0,0.0,0.0,0.0,,,90.0,7628.0,0.0,0.0,0.0,0.0,0.0,0.0,0.0,0.0,0.0,0.0,90.0,10081.0,90.0,11024.0,20.0,37.0,70.0,603.0,50.0,4812.0,20.0,190.0,0.0,0.0,30.0,44.0,0.0,0.0,0.0,0.0,0.0,0.0,0.0,0.0,,,,,90.0,0.0,0.0,0.0,0.0,30.0,646.0,0.0,0.0,,,40.0,881.0,40.0,862.0,0.0,0.0,50.0,469.0,70.0,2983.0,20.0,65.0,0.0,30.0,8.0,0.0,0.0,0.0,0.0,20.0,28.0,0.0,0.0
17,IL,61415,5,120.0,0.0,100.0,0.0,80.0,300.0,,0.0,0.0,0.0,0.0,,0.0,50.0,18515.0,120.0,18891.0,90.0,9685.0,90.0,144.0,50.0,215.0,50.0,160.0,0.0,0.0,30.0,240.0,40.0,198.0,40.0,810.0,50.0,2612.0,20.0,0.0,0.0,40.0,1160.0,0.0,0.0,50.0,376.0,0.0,0.0,0.0,0.0,0.0,0.0,0.0,0.0,0.0,0.0,,,,,0.0,0.0,0.0,0.0,0.0,0.0,0.0,0.0,0.0,0.0,0.0,0.0,0.0,0.0,0.0,120.0,15343.0,120.0,2595.0,0.0,0.0,0.0,0.0,70.0,170.0,30.0,3.0,0.0,0.0,0.0,0.0,0.0,0.0,,,0.0,0.0,20.0,166.0,0.0,0.0,0.0,0.0,,,110.0,2309.0,0.0,0.0,0.0,0.0,0.0,0.0,0.0,0.0,0.0,0.0,110.0,2381.0,120.0,2623.0,0.0,0.0,0.0,0.0,40.0,258.0,60.0,229.0,0.0,0.0,0.0,0.0,0.0,0.0,0.0,0.0,,,0.0,0.0,,,,,100.0,0.0,60.0,0.0,0.0,70.0,302.0,0.0,0.0,,,110.0,2603.0,110.0,2507.0,40.0,96.0,0.0,0.0,40.0,381.0,40.0,112.0,,,,,,,,,,,
19,IA,52210,3,60.0,20.0,40.0,0.0,50.0,130.0,40.0,0.0,0.0,0.0,0.0,0.0,0.0,0.0,3406.0,60.0,3480.0,50.0,2563.0,40.0,26.0,0.0,0.0,0.0,0.0,0.0,0.0,30.0,109.0,0.0,0.0,0.0,0.0,0.0,0.0,50.0,0.0,0.0,30.0,535.0,0.0,0.0,30.0,74.0,0.0,0.0,0.0,0.0,0.0,0.0,0.0,0.0,0.0,0.0,0.0,0.0,0.0,0.0,30.0,501.0,2204.0,40.0,135.0,0.0,0.0,40.0,92.0,50.0,247.0,30.0,174.0,0.0,0.0,60.0,2203.0,50.0,292.0,0.0,0.0,0.0,0.0,30.0,42.0,0.0,0.0,0.0,0.0,0.0,0.0,0.0,0.0,20.0,31.0,0.0,0.0,30.0,42.0,0.0,0.0,0.0,0.0,0.0,0.0,50.0,368.0,0.0,0.0,0.0,0.0,0.0,0.0,0.0,0.0,0.0,0.0,50.0,250.0,50.0,271.0,0.0,0.0,0.0,0.0,0.0,0.0,40.0,106.0,,,,,,,,,,,,,,,,,,,,,,,,,,,,,,,,,,,,,,,,,,,,,,,,,,
17,IL,62092,5,90.0,0.0,80.0,0.0,70.0,230.0,70.0,0.0,0.0,0.0,0.0,,0.0,40.0,12981.0,90.0,13155.0,70.0,7490.0,40.0,42.0,30.0,76.0,30.0,64.0,20.0,9.0,20.0,116.0,30.0,432.0,0.0,0.0,40.0,1357.0,0.0,0.0,0.0,30.0,651.0,0.0,0.0,40.0,174.0,0.0,0.0,0.0,0.0,0.0,0.0,0.0,0.0,0.0,0.0,0.0,0.0,0.0,0.0,40.0,851.0,5426.0,30.0,214.0,0.0,0.0,30.0,79.0,40.0,307.0,30.0,115.0,20.0,97.0,90.0,10513.0,90.0,1901.0,0.0,0.0,0.0,0.0,40.0,55.0,0.0,0.0,0.0,0.0,0.0,0.0,0.0,0.0,0.0,0.0,0.0,0.0,0.0,0.0,0.0,0.0,0.0,0.0,0.0,0.0,90.0,1777.0,0.0,0.0,0.0,0.0,0.0,0.0,0.0,0.0,0.0,0.0,90.0,1845.0,90.0,1940.0,0.0,0.0,0.0,0.0,40.0,388.0,50.0,206.0,0.0,0.0,0.0,0.0,0.0,0.0,0.0,0.0,0.0,0.0,0.0,0.0,0.0,0.0,,,80.0,0.0,40.0,0.0,0.0,50.0,214.0,0.0,0.0,,,,,,,,,,,,,,,,,,,,,,,,,
28,MS,39355,3,350.0,110.0,200.0,40.0,230.0,760.0,,0.0,0.0,0.0,0.0,,70.0,110.0,21471.0,350.0,21608.0,290.0,16911.0,90.0,147.0,40.0,111.0,30.0,64.0,0.0,0.0,60.0,108.0,30.0,158.0,40.0,571.0,100.0,2763.0,40.0,0.0,0.0,100.0,1528.0,0.0,0.0,80.0,137.0,0.0,0.0,0.0,0.0,0.0,0.0,0.0,0.0,30.0,30.0,,,,,30.0,735.0,1635.0,30.0,120.0,30.0,41.0,50.0,78.0,30.0,94.0,40.0,305.0,20.0,236.0,350.0,14107.0,350.0,1673.0,0.0,0.0,0.0,0.0,150.0,318.0,40.0,3.0,30.0,14.0,20.0,22.0,40.0,7.0,,,0.0,0.0,40.0,82.0,0.0,0.0,0.0,0.0,,,340.0,2092.0,0.0,0.0,0.0,0.0,40.0,59.0,0.0,0.0,0.0,0.0,310.0,1355.0,320.0,1456.0,0.0,0.0,0.0,0.0,80.0,132.0,270.0,754.0,30.0,434.0,30.0,12.0,0.0,0.0,0.0,0.0,,,0.0,0.0,,,,,330.0,0.0,240.0,0.0,0.0,270.0,766.0,0.0,0.0,,,320.0,6562.0,320.0,6417.0,70.0,145.0,20.0,89.0,30.0,54.0,120.0,275.0,,,,,,,,,,,
6,CA,95969,6,170.0,20.0,150.0,0.0,140.0,440.0,110.0,0.0,0.0,0.0,0.0,,0.0,90.0,58972.0,170.0,61476.0,140.0,26647.0,140.0,733.0,80.0,979.0,70.0,506.0,70.0,187.0,50.0,7212.0,100.0,8627.0,50.0,1503.0,60.0,3086.0,0.0,0.0,0.0,60.0,1280.0,70.0,10276.0,80.0,2504.0,0.0,0.0,0.0,0.0,40.0,476.0,0.0,0.0,0.0,0.0,0.0,0.0,0.0,0.0,170.0,8366.0,56996.0,160.0,4038.0,0.0,0.0,160.0,803.0,170.0,4998.0,130.0,1474.0,150.0,1763.0,170.0,49248.0,170.0,11967.0,100.0,569.0,0.0,0.0,60.0,170.0,30.0,13.0,0.0,0.0,0.0,0.0,0.0,0.0,0.0,0.0,0.0,0.0,50.0,696.0,0.0,0.0,0.0,0.0,0.0,0.0,170.0,11229.0,0.0,0.0,0.0,0.0,0.0,0.0,0.0,0.0,0.0,0.0,170.0,11797.0,170.0,12829.0,60.0,80.0,90.0,208.0,90.0,2668.0,60.0,590.0,0.0,0.0,130.0,74.0,0.0,0.0,20.0,5.0,0.0,0.0,0.0,0.0,20.0,165.0,,,160.0,0.0,40.0,0.0,0.0,80.0,1038.0,30.0,448.0,,,,,,,,,,,,,,,,,,,,,,,,,
37,NC,28643,3,190.0,50.0,140.0,0.0,120.0,430.0,100.0,0.0,0.0,0.0,0.0,,30.0,60.0,11344.0,190.0,11426.0,170.0,8964.0,80.0,83.0,30.0,62.0,30.0,44.0,0.0,0.0,40.0,285.0,40.0,426.0,,,,,0.0,0.0,0.0,50.0,626.0,0.0,0.0,50.0,82.0,0.0,0.0,0.0,0.0,0.0,0.0,0.0,0.0,0.0,0.0,,,,,30.0,813.0,4335.0,30.0,156.0,0.0,0.0,0.0,0.0,30.0,182.0,0.0,0.0,30.0,231.0,190.0,7217.0,190.0,826.0,0.0,0.0,0.0,0.0,80.0,157.0,0.0,0.0,0.0,0.0,30.0,28.0,40.0,7.0,,,0.0,0.0,30.0,60.0,0.0,0.0,0.0,0.0,0.0,0.0,190.0,1015.0,0.0,0.0,0.0,0.0,20.0,31.0,0.0,0.0,0.0,0.0,170.0,669.0,170.0,750.0,0.0,0.0,0.0,0.0,50.0,68.0,140.0,320.0,0.0,0.0,0.0,0.0,0.0,0.0,0.0,0.0,,,0.0,0.0,,,,,170.0,0.0,120.0,0.0,0.0,140.0,332.0,0.0,0.0,60.0,1302.0,180.0,3846.0,180.0,3781.0,40.0,65.0,30.0,179.0,30.0,54.0,60.0,132.0,,,,,,,,,,,
51,VA,24161,1,70.0,40.0,0.0,0.0,40.0,100.0,,0.0,0.0,0.0,0.0,,30.0,20.0,776.0,70.0,776.0,50.0,590.0,0.0,0.0,0.0,0.0,0.0,0.0,0.0,0.0,0.0,0.0,0.0,0.0,0.0,0.0,0.0,0.0,0.0,0.0,0.0,0.0,0.0,0.0,0.0,0.0,0.0,0.0,0.0,0.0,0.0,0.0,0.0,0.0,0.0,0.0,0.0,,,,,0.0,0.0,0.0,0.0,0.0,0.0,0.0,0.0,0.0,0.0,0.0,0.0,0.0,0.0,0.0,0.0,0.0,0.0,0.0,0.0,0.0,0.0,0.0,0.0,0.0,0.0,0.0,0.0,0.0,0.0,0.0,0.0,0.0,,,0.0,0.0,0.0,0.0,0.0,0.0,0.0,0.0,,,60.0,113.0,30.0,63.0,30.0,56.0,0.0,0.0,0.0,0.0,0.0,0.0,0.0,0.0,0.0,0.0,0.0,0.0,0.0,0.0,0.0,0.0,60.0,96.0,0.0,0.0,0.0,0.0,0.0,0.0,0.0,0.0,,,0.0,0.0,,,,,60.0,0.0,50.0,0.0,0.0,60.0,96.0,0.0,0.0,,,70.0,1059.0,70.0,1023.0,40.0,70.0,0.0,0.0,0.0,0.0,0.0,0.0,,,,,,,,,,,
31,NE,68723,6,0.0,0.0,0.0,0.0,0.0,0.0,,0.0,0.0,0.0,0.0,,0.0,0.0,0.0,0.0,0.0,0.0,0.0,0.0,0.0,0.0,0.0,0.0,0.0,0.0,0.0,0.0,0.0,0.0,0.0,0.0,0.0,0.0,0.0,0.0,0.0,0.0,0.0,0.0,0.0,0.0,0.0,0.0,0.0,0.0,0.0,0.0,0.0,0.0,0.0,0.0,0.0,0.0,,,,,0.0,0.0,0.0,0.0,0.0,0.0,0.0,0.0,0.0,0.0,0.0,0.0,0.0,0.0,0.0,0.0,0.0,0.0,0.0,0.0,0.0,0.0,0.0,0.0,0.0,0.0,0.0,0.0,0.0,0.0,0.0,0.0,0.0,,,0.0,0.0,0.0,0.0,0.0,0.0,0.0,0.0,,,0.0,0.0,0.0,0.0,0.0,0.0,0.0,0.0,0.0,0.0,0.0,0.0,0.0,0.0,0.0,0.0,0.0,0.0,0.0,0.0,0.0,0.0,0.0,0.0,0.0,0.0,0.0,0.0,0.0,0.0,0.0,0.0,0.0,0.0,0.0,0.0,,,,,0.0,0.0,0.0,0.0,0.0,0.0,0.0,0.0,0.0,,,0.0,0.0,0.0,0.0,0.0,0.0,0.0,0.0,0.0,0.0,0.0,0.0,0.0,0.0,0.0,0.0,0.0,0.0,0.0,0.0,0.0,0.0,0.0
24,MD,21863,2,550.0,270.0,140.0,120.0,270.0,990.0,310.0,0.0,0.0,0.0,0.0,,100.0,150.0,19910.0,550.0,20072.0,470.0,15322.0,100.0,62.0,60.0,114.0,60.0,93.0,80.0,61.0,60.0,484.0,50.0,66.0,60.0,443.0,130.0,2181.0,30.0,30.0,139.0,120.0,797.0,40.0,274.0,110.0,162.0,0.0,0.0,0.0,0.0,0.0,0.0,0.0,0.0,50.0,49.0,0.0,0.0,0.0,0.0,130.0,1960.0,5028.0,110.0,235.0,30.0,24.0,100.0,173.0,130.0,438.0,90.0,466.0,110.0,315.0,530.0,10307.0,530.0,1259.0,0.0,0.0,0.0,0.0,210.0,175.0,0.0,0.0,40.0,25.0,50.0,46.0,90.0,13.0,120.0,108.0,0.0,0.0,50.0,105.0,30.0,150.0,40.0,158.0,40.0,21.0,540.0,2237.0,130.0,270.0,110.0,233.0,90.0,120.0,20.0,21.0,0.0,0.0,450.0,1084.0,470.0,1209.0,0.0,0.0,0.0,0.0,90.0,124.0,450.0,1141.0,50.0,397.0,0.0,0.0,0.0,0.0,0.0,0.0,0.0,0.0,0.0,0.0,40.0,199.0,,,510.0,0.0,380.0,20.0,119.0,460.0,1147.0,0.0,0.0,,,,,,,,,,,,,,,,,,,,,,,,,
36,NY,12070,6,30.0,0.0,30.0,0.0,20.0,80.0,30.0,0.0,0.0,0.0,0.0,0.0,0.0,0.0,10845.0,30.0,10845.0,20.0,6267.0,20.0,61.0,0.0,0.0,0.0,0.0,0.0,0.0,0.0,0.0,0.0,0.0,0.0,0.0,0.0,0.0,0.0,0.0,0.0,0.0,0.0,0.0,0.0,0.0,0.0,0.0,0.0,0.0,0.0,0.0,0.0,0.0,0.0,0.0,0.0,0.0,0.0,0.0,0.0,30.0,1506.0,10845.0,20.0,593.0,0.0,0.0,30.0,292.0,30.0,911.0,20.0,143.0,20.0,248.0,30.0,9166.0,30.0,2440.0,20.0,144.0,0.0,0.0,0.0,0.0,0.0,0.0,0.0,0.0,0.0,0.0,0.0,0.0,0.0,0.0,0.0,0.0,0.0,0.0,0.0,0.0,0.0,0.0,0.0,0.0,30.0,2116.0,0.0,0.0,0.0,0.0,0.0,0.0,0.0,0.0,0.0,0.0,30.0,2382.0,30.0,2486.0,0.0,0.0,0.0,0.0,0.0,0.0,0.0,0.0,0.0,0.0,0.0,0.0,0.0,0.0,0.0,0.0,0.0,0.0,0.0,0.0,0.0,0.0,0.0,0.0,,,,,,,,,,,,,,,,,,,,,,,,,,,,,,,,,,
6,CA,95207,5,2050.0,450.0,1420.0,170.0,1330.0,4940.0,,0.0,0.0,0.0,0.0,,150.0,800.0,268356.0,2050.0,270944.0,1650.0,178998.0,1320.0,1216.0,520.0,4260.0,480.0,3293.0,200.0,283.0,310.0,6705.0,520.0,7491.0,300.0,6634.0,770.0,42223.0,0.0,390.0,5194.0,610.0,15018.0,110.0,1329.0,1070.0,2588.0,110.0,29.0,30.0,508.0,80.0,529.0,50.0,404.0,160.0,127.0,,,,,500.0,13810.0,66810.0,460.0,3708.0,30.0,74.0,460.0,1914.0,490.0,4553.0,410.0,4543.0,420.0,2507.0,2050.0,216811.0,2050.0,32542.0,0.0,0.0,0.0,0.0,1000.0,2995.0,180.0,31.0,80.0,50.0,90.0,117.0,0.0,0.0,,,100.0,422.0,210.0,1161.0,0.0,0.0,0.0,0.0,,,2030.0,32178.0,0.0,0.0,0.0,0.0,0.0,0.0,80.0,70.0,0.0,0.0,2030.0,29547.0,2030.0,30822.0,0.0,0.0,0.0,0.0,830.0,3906.0,1110.0,4438.0,120.0,1880.0,370.0,184.0,0.0,0.0,90.0,118.0,30.0,37.0,0.0,0.0,,,,,1920.0,50.0,1010.0,50.0,685.0,1220.0,5237.0,120.0,799.0,,,1550.0,35932.0,1550.0,34885.0,480.0,1046.0,490.0,4487.0,360.0,1777.0,770.0,2300.0,40.0,780.0,215.0,0.0,0.0,310.0,455.0,1620.0,3703.0,1390.0,1961.0
